review_id,reviewer_name,rating,review_text,scraped_at
Ci9DQUlRQUNvZENodHljRjlvT25NMVYxOUNjMmxRVlhsS0xYSlBaamwzUWpaVVVVRRAB,,2.0,"Rasa mie nya beda, pucettttt ga seperti biasanya, level 2 tapi pedes banget, plating nya berantakan. Kacauuu",2026-08-31T16:52:13
Ci9DQUlRQUNvZENodHljRjlvT213elJteGZOM2RsUkhKQlJXcFFWVmhCUmpsa1kxRRAB,,4.0,"Seperti biasa, mie gacoan selalu ramai pengunjung. Mie gacoan masih enak kok rasanya, cuma harus sabar ngantri sebenernya, pelayanan ok, harga masih terjangkau. Tempatnya luas, bisa buat nongkrong bareng teman. Ada musholla juga, barangkali mau sholat disini. Bisa buat self reward. Kalau kesini jangan di jam makan siang, pasti penuh.",2026-08-31T16:52:13
Ci9DQUlRQUNvZENodHljRjlvT21KWGJGOXZRbmt5ZFhObU1HRjVaMWRrVDFoNWNsRRAB,,1.0,"Dari awal kesini jujur sistem pemesanan nya ribet, menurut saya aneh aja.. kalau ada kursi kosong kenapa harus antri, kan bisa duduk ya tinggal duduk scan pesan dan bayar. Jika kursi penuh y udh itu menurut saya terserah yang mau makan. …",2026-08-31T16:52:13
Ci9DQUlRQUNvZENodHljRjlvT21OUk4zaEhRMWhWUnpneVFuRmFRV2xWZWpGRFYxRRAB,,1.0,"Mungkin hari sialnya saya, udah sering dateng ke outlet ini, tapi kali ini apes. 1. Order via scan makanan dateng 30 mnt an tapi minuman dateng luaaammaaa bgt …",2026-08-31T16:52:20
Ci9DQUlRQUNvZENodHljRjlvT2tsc1Ixa3hWMWhJV1drMlNHaFBlV3BtYkVKaGIxRRAB,,1.0,"padahal antrian lagi rame bgt, waiting list juga buat makan ditempat, tapi tbtb ada 2 cwe dtg bilang ke mas yang jaga depan katanya kenal sama mas mas yang difoto, akhirnya yang lain antri dan waiting list dia didahulukan masuk padahal baru dateng, lain kali tolong ikut antri ya, kasian yang lain jugaa nunggu lama dan mau makan, udah ga musim jalur orang dalem gini, tolong dong buat mas karyawannya juga yang adil sama pengunjung yang lain, yang lain juga makan dan bayar.",2026-08-31T16:52:20
Ci9DQUlRQUNvZENodHljRjlvT2w5M2QyMURkVzQzVlhsdGRHOW5TM0Y0YkdsWmVYYxAB,,5.0,Ternyata jam segini jam sepinya. Jam 15:00 WIB. Ga ngantri. Saya ga suka ngantri dan nemu jam sepinya. Ha ha ha... …,2026-08-31T16:52:20
Ci9DQUlRQUNvZENodHljRjlvT214aU9VNWxUREJwWjBOSU5ESm9XWFpmWlhKNU1YYxAB,,5.0,"Perkiran luas, sekarang transaksi lebih mudah gausah hrus antri pesan dan bayar cukup dari meja aja. Nomer antrian bunyi tinggal ambil minum dan selesaiii, untuk rasa seperti gacoan pd umum nya",2026-08-31T16:52:20
Ci9DQUlRQUNvZENodHljRjlvT205b1pEUk9UVkZ5WTA5dWN5MXBlbFJmUkRGNVJYYxAB,,1.0,"pemesanan di meja, pesan dimsum udang keju dll agak lama, pemanggilan kurang terdengar ke seluruh ruangan, tempat kurang bersih terdapat kecoa di dekat meja makan",2026-08-31T16:52:20
Ci9DQUlRQUNvZENodHljRjlvT2tRMVJXcHlSbU55YkZrNE5rTlRSekI2WldZd2JIYxAB,,1.0,Beli level 3 dikasihnya pesenan orang yg udh lama dikasih ke sy jadi gaenaklah rasanya parah banget minta level 3 di kasih level 1 jd cabenya di pisah sendiri payah banget. Oh iya satu lg itu parkiran kapan diambil alih sm gacoanya sendiri …,2026-08-31T16:52:20
Ci9DQUlRQUNvZENodHljRjlvT25SWVlVRmpWbUppV0dVd016UklSbU5wUzJObVpVRRAB,,1.0,"Hampir semua penanda level pada kemasan sudah tersobek, sehingga tidak bisa dibedakan levelnya. Ini sangat merugikan, terutama bagi saya sebagai jastiper yang membawa banyak pesanan. Mohon diperbaiki dan tambahkan penandaan jelas seperti SPIDOL!!!",2026-08-31T16:52:20
Ci9DQUlRQUNvZENodHljRjlvT2tSVE0wVjNOVTlsTmtaUVJYSm1SMlJhVkdKUFgxRRAB,,4.0,"Mie gacoan masih jadi pilihan utama untuk jenis mie pedes berlevel. Mienya kalo lagi pedes, pedesssss bgt walaupun level 1. Favorit di menu dimsum adalah udang keju🤤 untuk tempatnya luassss, tempat makan banyak bebas milih mau dimana aja, parkiran juga luas amannn.",2026-08-31T16:52:26
Ci9DQUlRQUNvZENodHljRjlvT2tabU1HcFFWVVZ4VEhkb1FVUjBOSEZPYWxKU1RtYxAB,,5.0,"dateng ke mie gacoan tuparev mepet jam makan siang alhasil lumayan nunggu gak cukup lama pesanan dateng. suasana cukup ramai dan seperti biasa keadaan panas di cirebon wkwk tempat duduk ditentuin sama kasir kurang disitunya aja sih, tapi semuanya masih bisa dimaklumi. untuk harga masih terjangkau, dan rasanya ya enak.",2026-08-31T16:52:26
Ci9DQUlRQUNvZENodHljRjlvT2tKdGRsUnRhbWd3WkUxMmJYUmhSVnAxWVZWSWVIYxAB,,5.0,"Selasa, 9 Desember 2025. Mau order antri panjang. Untung orderan untuk ojol lagi kosong jadi dibuka untuk Umum, Jadi bisa dibuka ordernya. Bayar QRIS nya dilayar kasir, jadi gak bisa dlscan sendiri harus bantuan kasir. Sebelum makan disini kalau baru mendingan tanya dulu Soalnya biyar dapet meja dulu. Soalnya ada beberapa tempat lain orderan nya lewat barcode. Kalau disini masih terima cash. Mie gacoan level 2 masih terasa enak berasa, dan akhirnya berkeringat. Tapi tetap enak, pangsit ayamnya tuh beda dari tempat lain. Disini gak terlalu kering dan berasa. Siap-siap aja bolak-balik, pesen minum bunyi baru ambil, bunyi lagi ambil Snack. Untuk mie sih emang dianter, Saran saya masukkan aja. Kalau bisa pesanan nya mendingan kalau udah selesai semua baru bunyi sekali aja. Biyar gak bolak-balik. Jadi pelayanan nya nanggung,. Dianter apa self service,. Tidak disediakan tisu, Jadi siap-siap aja bawa tisu dari rumah kalau yg tiap sehabis makan biasanya lap pakai tisu, atau berkeringat kepedesan mendingan sediakan tisu dulu deh. Untuk petugas parkir cuma Nerima duwit aja dan cuma ngasih kertas, gak ada catatan apa2 nomer kendaraan atau parkirin kendaraan atau nyebrangin kendaraan. Enak-enak aja didepan ngerokok dan gitaran, nantinya amit-amit kalau ada kendaraan bermasalah atau hilang pasti gak mungkin ada tanggung jawabnya.",2026-08-31T16:52:26
Ci9DQUlRQUNvZENodHljRjlvT210YVlWaHNRamRwWm10NFVteDFha0ZGYWtwWk5tYxAB,,5.0,"Kayanya mie nya ketuker.. pesan mie gacoan lv 1 2 porsi, yang 1 sambel nya normal nah yang satu nya banyak sekali sambel nya. Rasa mie gacoan juga harusnya cenderung manis kan tapi ini lebih ke gurih kaya mie hompimpa. …",2026-08-31T16:52:26
Ci9DQUlRQUNvZENodHljRjlvT21WdlZHYzFhR3d5TkhwTFlYRk5TVEZTV1VsS2IwRRAB,,1.0,Lambat pesen jam 18:47 sampe jam set 9 belum jadi jadi pesenan take away nya...!! Kalo di rasa nggak kuat nerima orderan pembeli banyak jgn nerima orderan dulu!!,2026-08-31T16:52:26
Ci9DQUlRQUNvZENodHljRjlvT214S1VqbDJaMVpwU25Kb1FVOTNXREk1U0dGdk1uYxAB,,5.0,"makanann enakk serius mie terpedas di Indonesia, cocok banget buat kalian para gen z yang suka makanan pedaaaassssss",2026-08-31T16:52:26
Ci9DQUlRQUNvZENodHljRjlvT2s5clVqTkJZVU5oUVRoNGVVTlJkalZoT0V0RlJXYxAB,,5.0,"Pelayan nya pada ramah ramah, mie nya juga enak. Saya udah dari lama kesini tetap ga berubah rasa mie nya tetep enaakkk",2026-08-31T16:52:26
Ci9DQUlRQUNvZENodHljRjlvT2xrMWJuYzNjM2RETFZSdmMwRk1VVW94U0VwWVJuYxAB,,5.0,"kalau makan gacoan favorit di cirebon suka sekali disini (mau takeaway ataupun dine in), pelayanannya gercep dan helpful, tempatnya jg bersih, apalagi ada mushollahnya yg bersih juga",2026-08-31T16:52:26
Ci9DQUlRQUNvZENodHljRjlvT20xNVpVdGhiRlJJUTNob2JIQkpVazlvYWpKUmRHYxAB,,1.0,"Sistem nya aneh, sudah ada QR dimeja untuk pesan, malah disuruh antri, percuma ada QR. #backtobasic Harap jadi perhatian.",2026-08-31T16:52:26
Ci9DQUlRQUNvZENodHljRjlvT21kaWNuQXhYME4zVjFkaVRIaFZRa2xSVEhaWVlXYxAB,,5.0,"Pelayanan sangat ramah ,makanannya semua enak kualitas sangat baik",2026-08-31T16:52:26
Ci9DQUlRQUNvZENodHljRjlvT2pSMVZXWmxWRlZZU0U5ZlZGVXplRWhSY0Y5Q2JrRRAB,,5.0,"⭐⭐⭐⭐⭐ Pertama kali makan di Mie Gacoan Tuparev dan puas banget! Pelayanannya ramah, …",2026-08-31T16:52:32
Ci9DQUlRQUNvZENodHljRjlvT25kUWJFOVljSFJDYTIxeE0yaE5hemxXWDFScVdVRRAB,,1.0,layanan bintang 1 Mas-mas kacamata Minggu 5 Juli 2026 Pkl. 23:20 TOLONG AJARI SOP PELAYANAN KE KARYAWANnya YANG BENER. MUNGKIN UDAH CAPE TAPI HARUS TETAP PROFESIONAL Ketus Bgt ngomongnya. Padahal cuma ditanya Level Mie yg kita pesan aja jawabnya ketus bgt,2026-08-31T16:52:32
Ci9DQUlRQUNvZENodHljRjlvT2xSTGVDMW5OVGxUWmxjelgwUmFPRmxUVEdsclVuYxAB,,1.0,"wahhh kecewa bgt si,masa pesen buat di take away,kok dilewat sampe 4 antrian nunggu sampe 1 jam,udh tau salah krywn gada minta maaf nya. kacaw!",2026-08-31T16:52:32
Ci9DQUlRQUNvZENodHljRjlvT2prMWR6VnRWMWczU2xGWWNreHNURGhyZUdzNU9IYxAB,,5.0,"tempatnya luas, nunggu makanan juga gak begitu lama... apa emang lagi gak rame ya. pesen mie lv 1 tapi pedes banget gak kaya biasanya.",2026-08-31T16:52:32
Ci9DQUlRQUNvZENodHljRjlvT21GNFZXeGhkM1JEUVRoaGFqWkVSRXRFZWxoRlEyYxAB,,5.0,"Pelayanannya okeeee, makanannya juga keluarnya cepet rasanya konsisten daaan suasanya nyaman lagi ujan jdi pas bgt makan yg hangat2 dan pedas",2026-08-31T16:52:32
Ci9DQUlRQUNvZENodHljRjlvT2psaFJYRkRiR1phYzJ0UmJsSnhXV1YwY1ZsR1gyYxAB,,5.0,"Mienya enak,porsinya banyak dan dimsum nya enak dan ukurannya gede²,harganya juga terjangkau buat kalangan menengah kebawah. Pokoknya sangat memuaskan makan digacoan",2026-08-31T16:52:32
Ci9DQUlRQUNvZENodHljRjlvT201WlpXOXFWa05UWXpscGFFRTVjbmw0UlRoMU9IYxAB,,3.0,"Mungkin bisa lebih diperhatikan lagi untuk ketelitian dalam pesanan. saya pesan yang paket combat A yg dmn dstu include nya lemon tea 2 tp malah mau diksih mineral water. mana udh nunggu sejam, dtg jam 8 jam 9 baru keluar untuk perdimsuman nya, dgn pesanan yg salah pula, next nya di tingkatkan lagi ketelitian sm me- manage waktu nya.",2026-08-31T16:52:32
ChdDSUhNMG9nS0VJQ0FnTURJMzVEdF93RRAB,,5.0,"Baru nyoba dan ternyata enak kenyang untuk porsi sy ya Td antri tp ga bgtu lama nunggu mungkin karena cuaca hujan Pelayanan cepat, penyajian cepat Semoga klo mampir lg wlw antri tp sebentar",2026-08-31T16:52:32
Ci9DQUlRQUNvZENodHljRjlvT20xeWNESkZjak5PU0VGRmRraFNNR2hKY2tGRU1FRRAB,,5.0,"pelayananya sangat baikk, dan makanannya juga enak, udah berkali-kali kesini pokoknyaa mantapp🫰🫰👌👌",2026-08-31T16:52:32
Ci9DQUlRQUNvZENodHljRjlvT2xCeE9WQmpPVUUwVUVReGVUSTFlVjl0YTJ4RlNXYxAB,,1.0,"Untuk tempat bagus. Makanan juga enak, sayang pelayanan kurang,buruk sekali pokoknya 1 .lama 2.saya pesen minum an aja bolak balik belom jadi mulu ampe makan keseret …",2026-08-31T16:52:32
Ci9DQUlRQUNvZENodHljRjlvT2xjNVVFUkZXSGxNTmtKSVptUnFSazlvV0dKNGRHYxAB,,5.0,"Selalu tidak kebagian parkir mobil di dalam karena ramai. Jadi parkir di halaman parkir sinar jaya. Walaupun ramai pengunjung tetapi cukup cepat datengnya makanan ke meja. Malah minumnya yang telat datang. Suasananya cukup enak tapi ya karena ramai jadi cenderung agak mengganggu kebisingan terlebih suara panggilan pesanan dari pegawainya kayak di puskesmas 😭😭 Tetapi, bagaimanapun gacoan akan selalu jadi alternatif untuk makan murah dan selalu buka 24 jam 😬👍",2026-08-31T16:52:39
Ci9DQUlRQUNvZENodHljRjlvT21SRlUwdE1lRlJWZDNsMGREVlhPREpEWjBWSVRWRRAB,,4.0,Pelayanan mantap dan makanan nya sangat mantap & higienis. Mungkin kedepanya/secepatnya bisa ditambah tissue per meja & music (no copyright) agar suasana hidup di lokasi.,2026-08-31T16:52:39
Ci9DQUlRQUNvZENodHljRjlvT2pGNGFrRkRZWGs0VmxwVFFYaEZiV040UW1veGIxRRAB,,1.0,Meja lengket ngga di bersihin untuk pemanggilan pesanannya suaranya nga jelas kaya suara orang dipanggil di puskesmas tolong dong perbaiki 👁️✋🏽 …,2026-08-31T16:52:39
ChZDSUhNMG9nS0VJQ0FnSUR2Nk1HSEdnEAE,,5.0,"Cabang mie gacoan yang worth it, harga menu terjangkau dan rasa juga standar enak. Parkiran luas, antriannya tapi lumayan juga disini karena banyak peminatnya. Tempat nyaman, ada open space juga untuk event.",2026-08-31T16:52:39
Ci9DQUlRQUNvZENodHljRjlvT210UmEwZHRTbUpMYWpGRWVWSXpaRVV0VUV4dFNrRRAB,,1.0,"Mohon maaf untuk KK pelayanan cowo,pake masker,yg nganterin makanan ke meja,sebaiknya dijaga attitude saat melayani customer,ngga ush bung muka, ngga usah ngegebrak pesanan kemeja kita,ngga ush jadi pelayan kalo ngga bisa melayani customer dengan baik. Benerin dulu attitude nya🙏 …",2026-08-31T16:52:39
Ci9DQUlRQUNvZENodHljRjlvT2pWRVpFNHdWRUYzY1hCUWMyOVVjR1ZEVjBKWmIxRRAB,,5.0,"kasir nya ramah pwoll melayani dengan senyumana (cantik binggow si teteh na), pelayanan nya bagusss bingitss pada ramah ramah. makanan yang dateng nya itu masi anget anget n it's really nice. totally good kalo mau makan disini cz dari segi harga pun sangat sangat sangat terjangkau dan andalan ketika lapar♡",2026-08-31T16:52:39
Ci9DQUlRQUNvZENodHljRjlvT25aNmRFMUVSVGhITmkxYWMzUXhRalpCT1dZMlFtYxAB,,5.0,"Terimakasih…….pengalaman pelayanan yang sangat baik, aku pesan gacoan lv 1 sambal d pisah/di samping tp saat pelayannya sampai di depan meja aku dia sadar pesanan salah karena sambal ngga dipisah, jadi dibawa lagi ke dapur, dan setelah …",2026-08-31T16:52:39
ChdDSUhNMG9nS0VJQ0FnSUMzNUtmWjRRRRAB,,5.0,"Tempat ini merupakan cabang ke 3 di cerbon ya.... ga perlu banyak kata-kata ya...sudah tau lah kualitas yamie taste dan affordable harganya... banyak saingan cuma keliatan ya yang bertahan itu karena memang kualitas tetap terjaga... Dan...trik ketika ingin dine in tanpa antre panjang ya pas pagi pas awal buka,hee... Kami kesini jam 9...nyaman donk...ga rame...tapi gofood ga berhenti-berhenti berdatangan... Cuaca pagi ini habis hujan jadi adem yaakk... cuma sedikit saran saja...coba kebersihan meja d cek lagi ya...kami kesini termasuk yang awal datang..tapi mejanya masih licin ya...mungkin terlewatkan di lap atau bagaimana gitu... its ok...kami lap pake tisu sdh lebih kering mejanya sih... Oya disini sistemnya self service ya...nti oas pesen dikasih bel gitu...nti klo sudah bunyi kita tinggal ambil sendiri pesenannya ke area self service itu.",2026-08-31T16:52:39
Ci9DQUlRQUNvZENodHljRjlvT2kxb1J6SjFlWFYxTTBsTlYwdGlOVGh2WXpOdVozYxAB,,5.0,"Antri tapi cepet kok pelayanannya. Cobain paket combat yang buat 2 orang. Kenyang banget, akhirnya udang keju dan udang rambutannya minta ku take away (nambah 1.000 buat sterofoam kecil).",2026-08-31T16:52:39
Ci9DQUlRQUNvZENodHljRjlvT25GU1l6QnhPR0ZpY1hSRU9GOUVZMkZsYldGaWFVRRAB,,3.0,"setelah waiting list akhirnya dapet tempat duduk, tapi ga seperti biasanya, makanan yg dateng lamaaaaa banget. sejam lebih. …",2026-08-31T16:52:39
Ci9DQUlRQUNvZENodHljRjlvT2tONFlWSmxlRmx5TjJ0MVluQkdWVVJTWmpOaVRVRRAB,,5.0,"pelayanannya cepat, waiters nya juga ramah dan kasirnya informatif",2026-08-31T16:52:46
Ci9DQUlRQUNvZENodHljRjlvT2xFMlNscGxlVUV5ZHpORllXeGhUelpOYzBkRWMzYxAB,,5.0,"makanan nya enak, pelayanan nya bagus bgtt",2026-08-31T16:52:46
Ci9DQUlRQUNvZENodHljRjlvT21OcmRsWTVRVGhYVVRock1uZEhjVUpzYTJKbmQyYxAB,,1.0,"Baru pertama kali seumur hidup beli gacoan di tuparev di tanggal 03.07.2026 pesen mie gacoan di jam 21.40 - 22.30 tidak datang, datang di menit 22.33 mie nya keadaan dingin GK enak dimakan. Mohon di perhatikan lagi pesanan nya agar tidak kecewa makasih",2026-08-31T16:52:46
Ci9DQUlRQUNvZENodHljRjlvT2tjeFdYQndXRGxUZDI4MVFsZG1WR3BZUWpCek9XYxAB,,1.0,"Layanannya aneh, ga jelas, masa nunggu antrian meja aja sampe 1 jam padahal banyak meja kosong. Saya sampe ngomong 3x buat mastiin baru dikasih meja Ga lagi² kaya gini bikin males!!!",2026-08-31T16:52:46
ChZDSUhNMG9nS0VJQ0FnSUNQeXYzQUd3EAE,,5.0,"Makanan sangat mantap untuk yang suka pede, layanan nya lumayan, kadang lama kalo misalkan emang lagi rame",2026-08-31T16:52:46
Ci9DQUlRQUNvZENodHljRjlvT2pkRmEwSXljWGxtU0VsWmJURXdWVFJTTTNGT1RuYxAB,,5.0,porsi makannya yang pas dan rasa pedasnya yang mantap! Gacoan emang juara dalam menyajikan makanan yang lezat dan sesuai dengan lidah banyak orang. Pelayanan yang ramah dan harga yang pas membuat Gacoan menjadi pilihan utama untuk makan. Aku sangat puas dengan pengalaman makan di Gacoan dan pasti akan kembali lagi! 👌👏💯 Kamu sudah pernah coba Gacoan? Gimana pengalamanmu? 🤔,2026-08-31T16:52:46
Ci9DQUlRQUNvZENodHljRjlvT2s1bU1tWjRXSHA0WTFkdE5tRm9hV1ptTXpoZlVXYxAB,,1.0,PESEN LEVEL 1 GILIRAN DIMAKAN LEVEL 4 GMNA SIH!!!!!!! UDAH LAGI LAPER LAPERNYA AKHHHH!!!! KARYAWAN CEWE SURUH PADA MINUM AIR PUTIH JNGN PADA MINUM TUAK!!!,2026-08-31T16:52:46
Ci9DQUlRQUNvZENodHljRjlvT2taUVRGaFdURTg0Um5GalFXaFFXbFo1ZFdKMmFsRRAB,,1.0,"Layanannya ga jelas, memang kondisi lg ramai tp dr awal masuk udh tanya sama pelayannya bisa langsung pesan apa engga? Katanya bisa langsung dan kita diinfoin untuk langsung antri. Udh antri lama hampir setengah jam taunya sampai kasir …",2026-08-31T16:52:46
Ci9DQUlRQUNvZENodHljRjlvT25sWlNtMXpjRzgzYTB0VVpGTjNOVE5pVkdGclUwRRAB,,5.0,"tambah canggih gacoan ini, pesen pake barcode bisa bayar pake qris, aman gausah ngantri😍",2026-08-31T16:52:46
Ci9DQUlRQUNvZENodHljRjlvT21ac1VWZHFWMU56TlhWUk1EUkxWaTEzVjFVMGJuYxAB,,1.0,Pelayanan Yang sangat kurang enak di dengar dari pelayang yang omongannya ketus seperti tidak mau melayani dan menanggapi sy sebagai cust. …,2026-08-31T16:52:46
Ci9DQUlRQUNvZENodHljRjlvT2t4amJVMXJjbFp1Y0hGb1gzbE1WbVp4ZVZRMFUxRRAB,,1.0,"di aduk gada kecapnya anjr, gd rasa manis asin,hambar, g enk jd ga selera mkn.",2026-08-31T16:52:53
Ci9DQUlRQUNvZENodHljRjlvT2psSFNHUldiR3RIY0ZBeE5WSndVbll4YUhGVlpuYxAB,,1.0,Pelayanan buruk makanan tak kunjung datang 1.5 jam nunggu,2026-08-31T16:52:53
Ci9DQUlRQUNvZENodHljRjlvT214YWVUbG5iVEUwUkcxRmVERktRVXBuV1hWT1dFRRAB,,3.0,"Rasa Makanan oke. Harga Masya Allah oke. Pelayanan kasir dan lainnya juga oke. Pesan aja buat mba cleaning. Bisa Khan punten dulu. Kita manusia masih ada disitu loh (Kalo kita lama ya maap namanya juga makan ya dikunyah dulu, selesai makan ya nunggu turun dulu makanannya). Toh pas tengok kanan kiri perasaan masih banyak tempat kosong ko. Keseluruhan okeh okeh aja. Cuma ya MBA YANG SATU ITU. GA ADA ETIKANYA.",2026-08-31T16:52:53
Ci9DQUlRQUNvZENodHljRjlvT2xsTlRXWjJlVFp5YjBoeGMzQlhaVGRhTkVkUk9GRRAB,,5.0,"pelayanan nya bagus ramah ramah banget,mie nya juga enak banget tempatnya bersih jugaaa best pokok nyaa",2026-08-31T16:52:53
Ci9DQUlRQUNvZENodHljRjlvT21oNGFWb3pWWHBzY2kxTk1IWk9MVGt4YjB4dVMxRRAB,,5.0,"rekomendasi buat makan bareng rekan rekan setelah pulang sekolah,karna harga nya masuk ke kantong pelajar dan rasanya juga enak serta para staff yang bertugas sangat ramah",2026-08-31T16:52:53
Ci9DQUlRQUNvZENodHljRjlvT2t0Sk0wUnZZVEZ2WXpoaFdGZzJXVkk1YW5oUVVFRRAB,,3.0,"Antara smoking area dan non smoking tidak ada batasnya. Tukang parkirnya parah banget, udah bayar parkir tapi gak disebrangin dan posisinya ini mobil, kalau motor mah gak masalah. Udah ditegur malah buang muka",2026-08-31T16:52:53
Ci9DQUlRQUNvZENodHljRjlvT2t4TVJVRmFMV05pUzB4ak9HVk5SSGR2YjJndFFuYxAB,,1.0,Kalo pesan gacoan adapun kita pesan gorengannya seperti udang keju ketika minta extra sauce sachet cuma dikasi 1 walaupun kita pesen lebih dari satu gorengan tetep kalo minta extra sauce cuma dikasi 1 dengan pede nya crew bilang paling 1 …,2026-08-31T16:52:53
ChdDSUhNMG9nS0VJQ0FnSURidC1iQjNnRRAB,,5.0,"Seperti biasa selalu antri dan rameh, kirain ini cabang ke-3 di cirebon , ternyata yg di tentara pelajar pindah kesini, dan disana nya kosong gatau bakal dijadiin apa.. Tempatnya lebih luas dan lebih terang, ada tempat outdorr nya juga buat area smoking, tapi menurutku sih bagian belakang harusnya dijadiin smoking semua soalnya gaada bedanya , bedanya cuma di atap nya doang.. Parkirannya luas",2026-08-31T16:52:53
Ci9DQUlRQUNvZENodHljRjlvT2toRVkyTnlTR2RaTW5CdlRHd3pXR1Z4YkhSeE4wRRAB,,1.0,"saya pesen take away nunggu nya lama padahal saya liat orderan nya ga begitu rame,giliran Ada orang baru dateng pesen take away lagi malah di duluin + Saya ga dapet sumpit",2026-08-31T16:52:53
Ci9DQUlRQUNvZENodHljRjlvT2s5NmVsTlZNa3RwZEZvNVkwbDRWbmR0Y25saFZsRRAB,,1.0,"Management pake otak dong ngatur strategi nya , kalo udah tau offlinenan rame yg online nya di matiin minimal 3 jam lah biar ga ngebludak. Ini ga kondusif melelahkan para yg nunggu take away dan yg makan di tempat. Kasian staff nya pada kecapean apa lagi ojol nunggu online sampe 1 jam 30 - 2 jam. Buruk",2026-08-31T16:52:53
Ci9DQUlRQUNvZENodHljRjlvT21sSWNreFFiMHhVZFc5WmJFaDNlV2d5VGtobFMwRRAB,,5.0,Kalau hari biasa antriannya tidak terlalu ramai. Tapi kalau datang weekand/hari libur padat sekali. Tiap bulan selalu makan disini bersama keluarga. Untuk menu paketan dine in lebih murah disini.,2026-08-31T16:52:58
Ci9DQUlRQUNvZENodHljRjlvT2pOWlpYUnlkVGN6Y0UxaVNIRlFaSGR0VGt4TGRrRRAB,,5.0,"makanan nya enak,petugasnya ramah,untuk tempat tempatnya bersih",2026-08-31T16:52:58
Ci9DQUlRQUNvZENodHljRjlvT2xocGRtUXhNbWhtY2xaQkxVSmhiak0xWDNsdU1rRRAB,,2.0,"Penyajian makananya terlalu lama, pengambilan makanannya diccil, tidak sekaligus. Udah gitu sering salah sama detail pesanan. Nganterin camilannya tapi ga dikasih sumpitnya juga.",2026-08-31T16:52:58
Ci9DQUlRQUNvZENodHljRjlvT2tsTmVIbzBaVVZvV2xReU16WkJhVkJVWTNVMVIyYxAB,,2.0,"kita makan nunggu samape 40 menit lebih, parah ni di gacoan tuparev, orderan online di dahuluiin terus. masukan buat gacoan mending orang packing tuh di pisah buat yang makan di tempat dan orderan take away!",2026-08-31T16:52:58
Ci9DQUlRQUNvZENodHljRjlvT25KYWQwb3dlalptU2pCVVdtNTFOVmRDYVhneU1HYxAB,,1.0,"Hitungan detik pas cek struk kasir salah input pesanan, revisi tidak bisa dengan alesan sudah d buat. .giliran udh nunggu di tagih makanannya belum jadi . .",2026-08-31T16:52:58
Ci9DQUlRQUNvZENodHljRjlvT2xWWVFsOVdhbVYyWTFkdVZYQnFTa0ZSV1ZsM1FXYxAB,,5.0,Mie paling enak pedes nampol cuam di mie gacoan selain mie cemilannya pun enak2 harga murceh pelayanan oke tempatnya pun nyaman fasilitas lengkap ada musholah toilet juga bersih Mantap mie gacoan,2026-08-31T16:52:58
Ci9DQUlRQUNvZENodHljRjlvT25ZMFZIaDBVR05hUnpCT2MwUlJiV2xwZVhkTldsRRAB,,3.0,"lain kali diperhatiin ya jam order buyernya. masa 10++ orang setelah saya udah dapet orderan takeawaynya tp saya belum jadi. dr yg awalnya rame sampe tinggal saya sendiri doang. trus akhirnya dibongkar"" lagi orderan lain yg udh jadi krn harus masukin orderan saya. diperbaiki ya",2026-08-31T16:52:58
Ci9DQUlRQUNvZENodHljRjlvT25kaFVsTTRUV3hsWTBKeFRVODNaMkYwVjI1ZlptYxAB,,1.0,"Buruk pelayanannya, beli level 1 malah dikasihnya level 3 lebih.",2026-08-31T16:52:58
ChdDSUhNMG9nS0VJQ0FnSURyeE9mUjlnRRAB,,1.0,"1. Awal dateng meja banyak yg kosong, tapi malah gaboleh milih, malah disuruh duduk di meja yg dekat dengan meja yg rame ( padahal ngehindarin istri dari asap rokok) …",2026-08-31T16:52:58
Ci9DQUlRQUNvZENodHljRjlvT2xGWGFGQlVjMDlYVVZGTE4yeHJla1F6YjFBeWRHYxAB,,1.0,"barusan bgt makan, mau pesen lagi karna pengen nambah, udah ikut antrian sekitar 4/5 orang gitu, aku lg antri sambil balesin wa, tiba"" ada antrian baru disebelah kayak baru buka kasir satunya (tadinya cuma 1 kasir), tiba"" pas udh hampir giliran aku dibilang 1 antrian ke antrian yg baru padahal di antrian baru ada sekitar 8/9 orang, aku gamau, alasan kasirnya tadi aku udah dipanggil tapi ga denger kek what? dipanggilnya juga dari posisi kasir, aku langsung bilang ""ga jadi"" langsung pulang dalam kondisi badmood, padahal pertama kali makan gacoan lg setelah sekian lama, buat mbak kasirnya kalo baca ini, hari ku lg buruk mbak dan kamu bikin tambah buruk padahal aku makan gacoan buat ngobatin mood malah makin ancur, sorry buat tim gacoan, aku ga pernah kasih review buruk ke resto manapun meskipun pengalamannya buruk karena males aja ngetik, tapi kali ini bener-bener bikin aku dongkol",2026-08-31T16:52:58
Ci9DQUlRQUNvZENodHljRjlvT2xSNVZHb3lXR1Z2V1U0M1RqSjFObXhzVWpNeU1IYxAB,,5.0,"pelayanan nya bagus bgt, saya sering kesini terus tempatnya juga bersih",2026-08-31T16:52:58
Ci9DQUlRQUNvZENodHljRjlvT2s0eE1XWXRkbm81WjBaUFREZzVkR0owVlV0R0xVRRAB,,1.0,"Konyol bgt makan sama kerabat bnyak 7 org mejanya ga bisa di geser di satuin, cari meja panjang kusus org bnyak ga ada.. managemennya kalah jauh sama wizmie.. bagus wizmie ada berbagai pilihan meja panjang👍👍👍👍👍 …",2026-08-31T16:52:58
Ci9DQUlRQUNvZENodHljRjlvT2tOQlVsbGZObDh5ZFhaUlozWkxaRkJKWldkR1ZWRRAB,,5.0,"Terbaik pelayanan nya mulai dari kasir sampai dapat mie nya, pas saya minta tambahan juga cepet datangnya, gacoan Tuparev emng the best lah.",2026-08-31T16:52:59
Ci9DQUlRQUNvZENodHljRjlvT25SRWQxWnJlVlEwUTI5d1NIUnFTR2xSYjBwTWVVRRAB,,1.0,"Pelayan emosian, diminta buat menunggu sampai 1/2 jam!! Jeruk panas isi sedikit!",2026-08-31T16:52:59
Ci9DQUlRQUNvZENodHljRjlvT21Kb2VUZHZkM1oxYW5oU01YZEdaRE5VVmt0amRWRRAB,,4.0,enak suasananya nyaman dan pelayannya baik,2026-08-31T16:52:59
Ci9DQUlRQUNvZENodHljRjlvT21sZmRqUlpWR3BoUm1adVZHaHJNRUp1YUZCWGVVRRAB,,1.0,"Mie sama minuman uda abis,udang keju belum dateng nunggu lama",2026-08-31T16:52:59
ChdDSUhNMG9nS0VJQ0FnSUNfaHItajhBRRAB,,5.0,Males ngantri? Solusinya delivery 🤤 Orderan online gacoan sudah pasti di prioritaskan dan cepat pelayanan nya 💯👌 …,2026-08-31T16:52:59
Ci9DQUlRQUNvZENodHljRjlvT2tOQmRWSXlSWGh6WDBWUlNIcG5hazVQUjFkWVVrRRAB,,2.0,"untuk makanan nih ya, mi gacoan level 3 sekarang kek level 1 aja pedesnya,gak berasa apa2 dan paling ngeselin kalian tau parkir mobil disana 4000 ngalahin parkir di mall,tertibkan parkir.bener2 pungli banget itu. klo mau bayar bikin resmi tuh pake tiket sistem.",2026-08-31T16:52:59
Ci9DQUlRQUNvZENodHljRjlvT2sxSlRXUmxaVTVOUzIxdVozZDVMWEUxYzNCNFZHYxAB,,5.0,Enakk bgtttt udang kejunya... Mie gacoan nyaa superr nikmat Topp.. …,2026-08-31T16:52:59
Ci9DQUlRQUNvZENodHljRjlvT2pkTllYbDROV3RvZVZvek4yVmFkbXN4WW5WU2NuYxAB,,5.0,Udang keju enak banget kalau masih anget .. the best deh. Level 4 gacoan pedes banget. Perut panas tenggorokan kering.,2026-08-31T16:52:59
Ci9DQUlRQUNvZENodHljRjlvT2xaUFV5MDFkSEV4T1RacFdEZzRObDlNUTNwV2NsRRAB,,3.0,"Sumpah kesel banget udah nunggu 2 jam masih juga belum jadi. Harusnya kalau mau buka lewat online juga pembagian orderan harus adil jadi, ini mah yang di duluin orderan online dulu yang offline di tinggal. Udah heran masa orderan 53 dapet duluan daripada orderan 52 kan kocakkk. Masukan aja ini mah harusnya dapur itu dilebarin lagi biar nggak nunggu terlalu lama ini mah dapur kecil yaa nunggunya seabad",2026-08-31T16:53:07
Ci9DQUlRQUNvZENodHljRjlvT21aU1JqTXhSMnBOWVVWUldYVnRlRWRJVVMxVFJWRRAB,,4.0,"Untuk nunggu oke lah gak lama,cuman minus nya pegawai nya kurang tegas sama SOP peraturan gacoan, ""di jam 04:15 itu ada customer take way yang ambil pesanan nya dia, cuman kondisi customer itu bawa rokok waktu mau ambil pesanan nya, dan …",2026-08-31T16:53:07
Ci9DQUlRQUNvZENodHljRjlvT2kxclVrZzNObXBPYjBKQlQydzRPRWRRVEVjdFVIYxAB,,1.0,"Sumpah baru kali ini ke gacoan bikin ngecewain pelayanan nya kurang ramah banget😕saya kan sudah bilang ke crew yang lain boleh nggak saya pindah tempat katanya boleh, terus gw bawa tuh nomor meja nya , kta creew nya ngga usah kakk,Udha lah gw duduk di bangku yang gw pindah saat ini, nah terus ada creew yang ngantar Makanan berhubung mungkin crew yang pertama nya tidak ngasih tau kalo gw nya pindah, terus dengan ketus nya crew yang ke dua bilang kalo ""jangan pindah pindah mas sesuai nomor meja"" kalo emng ga boleh dari awal dari crew 1 yng gw bilng boleh ga pindah, mungkin si mas nya juga baru traning kali ya jadi masih blum paham standar negur orang seperti apa!! Pelayanan nya di perbaiki lagi ya di perlihatkan kembali untuk anak traning nya untuk standar service nya apa yang boleh dan tidak boleh di lakukan nya",2026-08-31T16:53:07
Ci9DQUlRQUNvZENodHljRjlvT21obFZEWTVhMDFpYkZaemMxTkNlalpLZURKSFdsRRAB,,5.0,"pelayanannya ramah, nunggu makanan ngga sampe 10 menit",2026-08-31T16:53:07
ChZDSUhNMG9nS0VJQ0FnSUNfclpmak1REAE,,3.0,"Kasirnya ramah banget, kerjanya juga satset jadi walaupun antre banyak, saya ngga nunggu lama. Makanannya juga cepet datengnya dan enak, tapi gelas dan piringnya kotor 😞 gelasnya kaya berkerak gitu? kirain gula ternyata itu kotoran di gelas …",2026-08-31T16:53:07
Ci9DQUlRQUNvZENodHljRjlvT2pCNFV6QndVREZWVGxSWmVtUnRUbEU0TUdsaWIzYxAB,,5.0,"Makanannya enak dan sangat terjangkau, pelayanannya sangat baik dan ramah, tempatnya juga bersih dan nyaman, top markotop 👍",2026-08-31T16:53:07
Ci9DQUlRQUNvZENodHljRjlvT2tZMmVVOVlWazlKTldKdlVHbHRXRnB5TTNKS1kzYxAB,,5.0,"Pengalaman makan di sini sangat menyenangkan. Makanannya lezat dengan rasa yang konsisten, pelayanan cepat dan ramah, serta suasana tempatnya nyaman dan bersih. Cocok untuk nongkrong atau makan bersama teman. Pasti akan kembali lagi",2026-08-31T16:53:07
Ci9DQUlRQUNvZENodHljRjlvT2tkSFJpMWlibTlwU2tKWk1taExjVE5NT0VKUE9VRRAB,,5.0,"Okeee banget harga murah, dan bisa untuk quality time sama temen atau keluarga, minus nya mungkin tisu bisa disediain yaww hehehe",2026-08-31T16:53:07
Ci9DQUlRQUNvZENodHljRjlvT2psNlUwcG1iMDFaVEVaWWMyZFZiSEpoZGt0V1QyYxAB,,2.0,Cepet makanan nya cumn ga suka tukang parkirnya gamau bantuin nyebrang bantuin narikin motor aja engga KLO gitu ngapain bayar parkir,2026-08-31T16:53:07
Ci9DQUlRQUNvZENodHljRjlvT2tSWVZqQTVRM1I0VGpBeFVHeExWV1o0YkhKNWNuYxAB,,5.0,Gacoan sekarang sudah pake sistem self service mulai dari pesan makanan sampe pengambilan makanan. mantap pokoknya,2026-08-31T16:53:07
Ci9DQUlRQUNvZENodHljRjlvT2tGZlVVY3dURXA0ZEMxYWRsZzRRMWxQVTA1b2MyYxAB,,5.0,"Makan d tempat mie gacoan tuparev tempat nya nyaman..udang keju nya enak banget..mie gacoan nya pedes nya mantapp dan rasa nya bener"" enak..harga nya bener"" terjangkau..layanan nya ramah banget..",2026-08-31T16:53:13
Ci9DQUlRQUNvZENodHljRjlvT2psZlkyNWxPWEJCVVRaaFNrZG1lbXQxTUdNeWFHYxAB,,5.0,Pelayanan nya ramah dan sopan dan makanan nya juga enak,2026-08-31T16:53:13
Ci9DQUlRQUNvZENodHljRjlvT2pWUFZqTnhRMTlHVTNKWVgyOXpObnBhVWtzMmQzYxAB,,3.0,"Nunggu makanan dateng lama polll. kalo pesen dine in + take away, speaker pemberitahuannya kedengeran samar-samar, lebih baik di daerah ujung dikasih speaker juga.",2026-08-31T16:53:13
Ci9DQUlRQUNvZENodHljRjlvT2twVGNrVkVabDlFTmtaa1l6aFRkR2hUVjJkdlgwRRAB,,1.0,bad bangettt. nunggu mie sampe 3 jam dan jawabannya cuma “lagi di proses” sedangkan yang baru datang sudah dapat pesanannya lengkap! kalo gak komplain lagi mungkin sampe malem gak akan datang juga pesanannya!!,2026-08-31T16:53:13
Ci9DQUlRQUNvZENodHljRjlvT21ONGFVdHRPRkZrZGxwV1pUTkZiMUpUVFRRNVIwRRAB,,5.0,"makanannya enak smua, saya take away lama bgtt🥺 ini aja blm pulang.. tapi GPP hari ini membludak bgt konsumennya.. oh ya untuk kasirnya.. salam ya buat kasir yg namanya Teh Nita, always cantikk orgnya ramah, dia juga sabar bangett😁.. sukses slalu ya teh Nita, saya harap ulasannya membantu karir teteh untuk kedepannya ☺️",2026-08-31T16:53:13
Ci9DQUlRQUNvZENodHljRjlvT25kV2IyVm1RWHA1VkhKTVRUUnJhRW8wYzBGdFgxRRAB,,5.0,"pelayanan ramah, makanan cepat sampaii, makanan pas dateng hangat, dan masih fresh semua, bintang 5 buat gacoan tuparev",2026-08-31T16:53:13
Ci9DQUlRQUNvZENodHljRjlvT21OWWFrVkpWak5ZTFRVMVlTMW5aWHBCUTNWTE5tYxAB,,1.0,masa beli udang rambutan dikasih pangsit sih?,2026-08-31T16:53:13
Ci9DQUlRQUNvZENodHljRjlvT21WT1dYUjNPRWswUjFGRGEzWTNRMW8wUW5obk1VRRAB,,5.0,"Makanan cepat self service lebih memudahkan, staffnya ramah-ramah.",2026-08-31T16:53:13
Ci9DQUlRQUNvZENodHljRjlvT2xSSlluYzNibEpZY1RCdU5WZHJPRlpEWVVKV2NHYxAB,,5.0,"Tempatnya nyaman, pelayanannya cukup baik, staff nya ramah",2026-08-31T16:53:13
Ci9DQUlRQUNvZENodHljRjlvT2pac2VWbFRjV05WUTFkalFuWlBPRlpqVDNOeVFrRRAB,,2.0,Masa beli di puter sana sini mau take away aja ribet nya minta ampun mana ga di kasih struk pembayaran hadeh bikin kesel🙄,2026-08-31T16:53:13
Ci9DQUlRQUNvZENodHljRjlvT2xCaWMwazJOVzh3WTAxdE1ITk9hbkJ1U0RGV1luYxAB,,5.0,Tempat ini peak banget sih w banget buat di datengin pelayanan nya juga ramah labgsung aja reg kesini🤤 …,2026-08-31T16:53:13
Ci9DQUlRQUNvZENodHljRjlvT2pWRlJVTkNRMDA1V25Wb2IwVXhRbXBwWlU5a2NXYxAB,,5.0,Pelayanannya ramah dan makanan nya enak👍 …,2026-08-31T16:53:13
Ci9DQUlRQUNvZENodHljRjlvT25jeVpVNDJYM0YzZUU5dFVqVnVjMEpFVkZobVpWRRAB,,1.0,"saya pesen di grabfood level 0 satu, level 1 satu, level 3 nya satu. kenapa dikirim nya level 0 semua. padahal udh dikasih notes juga biar ga lupa. apakah bil nya tidak dibaca dulu sebelum dibuat?",2026-08-31T16:53:13
Ci9DQUlRQUNvZENodHljRjlvT2xsalRWTXpMV1psVUhGalZVTm5OM1pyUkdwUlpVRRAB,,2.0,gak ada tinut tinutnya air mineralnya bukan merek mineral sedotannya dapet satu meja nya kurang bersih plang jatuh hmpir kena kepala WC kurang bersih,2026-08-31T16:53:13
Ci9DQUlRQUNvZENodHljRjlvT2kxcU5sbEdaRWRQY210eVlsOW5UVjlUUjJwVWVVRRAB,,1.0,"SATU JAM nunggu!!!! gila sih, pikir pikir lagi kalau mau ke gacoan tuparev. meja sebelah udah dapat pesanannya semua, bahkan meja dengan orang 10lebih udah …",2026-08-31T16:53:13
Ci9DQUlRQUNvZENodHljRjlvT21aUGR6SnpaV3A2Ums1T09VVlRNMlI2YzB4NFpsRRAB,,5.0,"Staff ramah, mas faris helfull banget saya di ambilin asbak..thanks mas.. Makanan enak, murah harga nya...",2026-08-31T16:53:13
Ci9DQUlRQUNvZENodHljRjlvT2pCelVVTm9hSEp1TlZaVFpGTnBhVWRXZFVOdmJWRRAB,,2.0,"Tukang parkirnya rese. gajadi makan karna waiting list panjang dan langsung pulang lg, ga smpe 5 menit parkir hrs tetep bayar parkir mana maksa",2026-08-31T16:53:13
Ci9DQUlRQUNvZENodHljRjlvT2tobmVITnJZMEZIVG13dGJGUk5MV1ZyU0RGc2FtYxAB,,5.0,"Tempatnya strategis di kota,parkirannya luas bumbu untuk makanan mienya pas banget pokoknya kalau gak coba rugi deh",2026-08-31T16:53:13
Ci9DQUlRQUNvZENodHljRjlvT21KaFFWZEdlSEJOZVhCMlFXOXdlVVJTY0VaNVRYYxAB,,5.0,pelayanan sangat cepat dan ramah. Makanannya enak dan higienis mantappp. suasananya enak tenang adem dan nyaman.,2026-08-31T16:53:13
Ci9DQUlRQUNvZENodHljRjlvT2tSZlFrNVNUelZ2ZVVFMVMwdE1XUzFUZUdsSFpWRRAB,,1.0,Pelayanan nya lama banget nunggu hampir 1jam mie nya ga dateng dateng sampe minum dan per dinsuman abis duluan mie nya masi belum dateng jadi tinggal… tolong ya gacoan tingkatkan lagi pelayanan nya dan utamakan yang makan ditempat bukan malah mengutamakan yang takeaway!!!!!,2026-08-31T16:53:13
Ci9DQUlRQUNvZENodHljRjlvT21sUU1tVlpiakZTVjBsdWJXUTRaMnN0YzFwbkxVRRAB,,5.0,"yg paling penting pelayanan nya ramaa sih,buat makanannya enak2",2026-08-31T16:53:13
Ci9DQUlRQUNvZENodHljRjlvT2poeU9HWmhaWFJ6WHpSWmNuZFBUV2xLV1dOME9VRRAB,,5.0,"Tempatnya luas, parkirannya juga luas. Kalau lagi rame lumayan antri tapi masih aman lah. Best banget buat bukber atau ngumpul bareng genk sambil gosip 🤭 …",2026-08-31T16:53:13
Ci9DQUlRQUNvZENodHljRjlvT2pGT2NWSktOVWMzTm5CaldEUk5hbmN0TWtoRVVrRRAB,,1.0,"pesen berkali kali dapetnya udang keju kopong yang gaada isi nya, skrg pesen lg malah ga di kasih sumpit, aneh makin hari makin gajelas tu gacoan",2026-08-31T16:53:13
Ci9DQUlRQUNvZENodHljRjlvT2pKcVdrZzFUVzlKZGxabU5HMHpaVnBvU1RSc1NGRRAB,,1.0,Sanagat buruk pelayanannya mulai dari kasirnya yang lemot bikin macet pelanggan dan juga cleaning service yang gak bersihin meja makan mie ku maaf ya atas bintang satunya ya semoga bisa diperbaiki yu bisa yukkk..🫢 …,2026-08-31T16:53:13
Ci9DQUlRQUNvZENodHljRjlvT2xSb1F5MWhZbE5zTURORlJsOXFTVlJWYlhoUWJWRRAB,,5.0,"makanannya enak', ini rekomen bgt si sama keluarga dsni, sama temen', tempatnya jugaa baguss pelayanannya ramahhh🫶🫶🫶🫶 …",2026-08-31T16:53:13
Ci9DQUlRQUNvZENodHljRjlvT2xSd2VsaGtTbFpCVGxoemVGWmpRemswWTNSeGVYYxAB,,5.0,pelayanannya baik dan tempatnya bersih makanannya enak,2026-08-31T16:53:13
Ci9DQUlRQUNvZENodHljRjlvT204Mk9FdDVXazVpVld4VVlVZFNhM0p2Y3pWd01GRRAB,,3.0,"Toilet oke, pelayanan juga ga cepet ga lama masih oke, cuma rasa mie nya beda dengan yg di daerah lain ga cocok dilidah saya dan pesen lvl 3 tp ga ada pedes2nya",2026-08-31T16:53:13
Ci9DQUlRQUNvZENodHljRjlvT2xGeGEzaENNbVJmY2xwTWIzQkZUbE5GTTJkdU4yYxAB,,5.0,"staff nya ramah, pelayanan sangat baik, rasa gacoan nya agak lain beda tempat beda daerah beda rasa, untuk pangsit nya masih sedikit merah, harga standar",2026-08-31T16:53:13
Ci9DQUlRQUNvZENodHljRjlvT2xWQlJsYzFXSFpPYVRaWVZ6UnVWamx0Y0Y5SGJVRRAB,,5.0,Pelayanannya ramah enak bgt makanannya🤗 …,2026-08-31T16:53:13
Ci9DQUlRQUNvZENodHljRjlvT25WTVdFcDRRMDl4VjNKVGNVeGFNa2swTldKMlQzYxAB,,5.0,"Utk makanan udah paling best,tempat nyaman Cuma syg di tempat parkir nya cm tinggal mnt duit parkir doank mereka ga mau bantuin ngeluarin motor dr tmpt parkir sampai keluar jalan",2026-08-31T16:53:13
Ci9DQUlRQUNvZENodHljRjlvT200d1ZqQnlSVFk0YVVwbUxVUTVTRWRyWHpsM1ZYYxAB,,5.0,"Kalau menurut saya pelayanan nya oke banget dan proses penyajiannya juga ngga terlalu lama, tapi menurut saya properti nya kurang yah karena tidak ada tisu",2026-08-31T16:53:19
Ci9DQUlRQUNvZENodHljRjlvT25WSlZrUkhjbGRUVGpoNlRYTkRTVlZUWkhWQmRuYxAB,,1.0,"semenjak pake QR pelayanan jadi lama banget 1 jam baru dianter mie nya,dimsum dan minuman juga nunggu sampai 40 menit",2026-08-31T16:53:19
Ci9DQUlRQUNvZENodHljRjlvT25kNWNVOURUa04wVGw4NFNtYzVka0l0UTNWcU9IYxAB,,1.0,"Nunggu antrian aja di bilang trus suruh nunggu 5mnit lgi aja trs pdhl mah udah lama banget 1 jaman, nunggu makanan dateng pun lama lagi buang² waktu banget bikin kesel, komplen malah disuruh nunggu lagi yampun apa²an coba udh abis 2jm klo di itung² mah.",2026-08-31T16:53:19
Ci9DQUlRQUNvZENodHljRjlvT2toTldFUk5lbEpmV21sWk5sRm1OMjl1WTE5YWJXYxAB,,5.0,Pelayanan nya cepat dan walaupun rame dengan pengunjung akan ada staff yang akan memberikan waiting list jadi ngga cape berdiri mengantri,2026-08-31T16:53:19
Ci9DQUlRQUNvZENodHljRjlvT25OU09IRnZOMnBoZFdwaWVuaERYMVpVVDBWVFJWRRAB,,5.0,"gacoann nya enak banget, pokok nya enakk tempat nya nyaman bersih ,pelayanan gercep , pelayanan nya ramah suka banget sama gacoan cirebon Tuparev",2026-08-31T16:53:19
Ci9DQUlRQUNvZENodHljRjlvT2xWTVFXWnVjMDFNZHpsdlZtRm5WRVo2Vm1VMFRIYxAB,,5.0,"pelayanan cepet, harga juga ramah di kantong pelajar, pokoknya rekomendasi banget deh",2026-08-31T16:53:19
Ci9DQUlRQUNvZENodHljRjlvT2tWa1NuRTRaVXQzYnpSMlkxUTBPRWd5TW1JNVVuYxAB,,5.0,"pelayanan nya ramah sekali, tempat nya bersih dan makanan nya enak👍🏻",2026-08-31T16:53:19
Ci9DQUlRQUNvZENodHljRjlvT2pOVmJWTjRSVFZvYmxjeldpMUdXRVp6YUhNNFlVRRAB,,5.0,"Makanan the best, bungkus mie gacoan buat makan dirumah rasanya enak cocok buat anak kost . Sukses gacoan",2026-08-31T16:53:19
Ci9DQUlRQUNvZENodHljRjlvT200d1JtVm5XVFl0YkVsRlpFWmtTRlkzUW5VM1ZXYxAB,,4.0,"Buka 24 jam , rasa matcha nya manis banget ke tenggorokan ga enak , es campur juga sama kemanisan untuk mie gacoan nya sendiri agak hambar alias kurang bumbu medok saking penuh nya orang",2026-08-31T16:53:19
Ci9DQUlRQUNvZENodHljRjlvT25WRVUyWjRTRVZwUlY4d1lpMWpZM0V4ZDFWR05uYxAB,,5.0,Makanannya enakkk mienya pas👍🏻 Pelayanannya juga ramah dari pintu masuk sudah diarahkan jadi gak bikin bingung sendiri.. Suasana di tempatnya juga nyaman banget,2026-08-31T16:53:19
Ci9DQUlRQUNvZENodHljRjlvT25SU2JWWkZPVXhXZW1kMFduSmtibWd0Y1hCalZHYxAB,,5.0,Pelayanan sangat bagus dan tempatnya juga sangat nyaman untuk sekedar nongkrong. And worth it👀. …,2026-08-31T16:53:19
Ci9DQUlRQUNvZENodHljRjlvT2taSVpuZENXR3M1TUhWNmRVZE1SVEY0ZVVKUmVrRRAB,,2.0,"Pelayanan nya kurang baik, pelayan dgn nama fahat sangat kurang baik dan responsip serta kerja nya duduk mainan hp saha",2026-08-31T16:53:19
ChdDSUhNMG9nS0VJQ0FnSURuN3R5N3V3RRAB,,4.0,Cabang gacoan di Cirebon udah 3 aja wekekkek. Yap ini yang baru di jln. Tuparev. …,2026-08-31T16:53:20
Ci9DQUlRQUNvZENodHljRjlvT21KVlVVZEJXbWg1TVd4NmIyZDZNMnR5VFUxUlJVRRAB,,5.0,"Huhu...pertama pindah ke daerah majalengka saya paling sering jajan mie gacoan yg d tuparev ini, sampai 2 bawa family bawa teman dan kerabat pun kesini ...🫰😇🥰 …",2026-08-31T16:53:20
Ci9DQUlRQUNvZENodHljRjlvT21OQ1VUQjBVV1YyWWw5R01GbDJTSGd4VmtkTFpVRRAB,,1.0,"gaperna selama ini nunggu gacoan sampe hampir 2 jam, kalo nyampe kayaknya juga 2 jam lebih. ngerti kok pake hemat, tapi stlh ditunggu 75menit (yg harusnya udh tiba) malah nambah lama.",2026-08-31T16:53:20
Ci9DQUlRQUNvZENodHljRjlvT25Ca2RVOXJkemhUYzNwaE0yTmZWVkZCVjI4MlNsRRAB,,1.0,Petugas JUKIR yang Arogan dan tidak menjalankan fungsi jukir sebagaimana mestinya. Tolong evaluasi . Akses masuk parkiran (trotoar) rusak dan terdapat batu (coran) tanpa tanda dan tanpa aba aba dari petugas parkir Mobil saya Bodykit Y bared …,2026-08-31T16:53:20
Ci9DQUlRQUNvZENodHljRjlvT2poWWFFMXJTMFpDVHpSaGJXMWpYeTB5Y2tnemIwRRAB,,1.0,"Kecewa banget pelayanan manager nya, padahal transaksi bayar qr berhasil terkirim, tapi transaksi nya gagal, sampai 2x pembayaran, yang 1 hangus lah, ini bukan masalah nominalnya, tapi kecewa banget dan engga ada kejelasan Rabu, 8 april 2026",2026-08-31T16:53:20
Ci9DQUlRQUNvZENodHljRjlvT2pZMVdXVmFhWE4yV1ZseUxYWXhOVEp2V210dGNYYxAB,,3.0,"lain kali kalo rame take away di selang seling sama yg dine in, saya dine in nunggu mie doang sampe 2 jam",2026-08-31T16:53:20
Ci9DQUlRQUNvZENodHljRjlvT2pCMVkxUkhhakU0UWtVeWJubENOVzVCVHpoUWJtYxAB,,5.0,"Lebih tertib, ngantri cukuup di meja..",2026-08-31T16:53:20
Ci9DQUlRQUNvZENodHljRjlvT21OMVQxbDFWbGRpZUhKbmMyVldUM3BSUlRkZmMxRRAB,,1.0,"pelayn tidak ramah, yang shift siang hari kamis, 19 februari 2026. pelayan ga ramah, ngetawain pelanggan ga sopan bikin ga nyaman gamau kesini lagiiiiii. perbaiki pelayanan nya!!!! banyak bukan 1 orang aja",2026-08-31T16:53:20
Ci9DQUlRQUNvZENodHljRjlvT2xGdmNXSTNVVXRoU1hKcWNuTnNSR2RvWlZSNE1tYxAB,,5.0,Pelayanan cukup baik dan ramah. Pesanan datang sesuai meskipun harus menunggu sedikit saat jam ramai. Karyawan tetap responsif dan membantu.,2026-08-31T16:53:20
Ci9DQUlRQUNvZENodHljRjlvT2pCblVsQklVRFE1WmpSdGEwOVdkbE5MWHpGemVWRRAB,,5.0,"PALING FAVORIT SIHH KESINI pelayanan ramah dan cepattt ga bikin bingung.. menu wajib sih setiap Minggu nya kalau pengen miee gacoan, enakk polll",2026-08-31T16:53:20
Ci9DQUlRQUNvZENodHljRjlvT2tGSWJqRkdhVWd5YnpOdWJqUkNlakZCWVVKTlpIYxAB,,5.0,"suasanya nyaman, enak, adem, ga berisik gada anak kecil, makanannya manis nya pas, saosnya dapet wadanya juga",2026-08-31T16:53:20
Ci9DQUlRQUNvZENodHljRjlvT2xwS09WcGpZVUZNVFdoWWNtaENTV1JIYjNCYU4xRRAB,,5.0,"pelayanannya baik, makanan dan minumannya selalu enak",2026-08-31T16:53:20
Ci9DQUlRQUNvZENodHljRjlvT2pKUmRGOXdOM1JrTFhWSVRHbHlRVEV0TmpGclIzYxAB,,5.0,"bagus banget pelayanan mie gacoan tuparev, rekomendasi aja buat kalian yg suka makan sama keluarga",2026-08-31T16:53:20
Ci9DQUlRQUNvZENodHljRjlvT21sWlZGQnROV1pSTTBKVFZEZDBlVlpoWWt4eFNIYxAB,,5.0,"pelayanannya cepat, ramah, makanan jadi dengan cepat, rasa enak, dan harganya ramah di kantong",2026-08-31T16:53:20
Ci9DQUlRQUNvZENodHljRjlvT21jMVFrbFpUalZXUjB0TVduRklibk5NUVdzME0wRRAB,,5.0,"Waktu kesana pelayanan nya bagus terus mie gacoan nya enak sih plg suka sm udang keju nya, enak bgt kalo nugas disana",2026-08-31T16:53:20
Ci9DQUlRQUNvZENodHljRjlvT2xCQlpqWldRblJIZFhwMWFuUkhVelJ0UlRWSWVWRRAB,,1.0,Pelayanan di Gacoan Tuparev ini cukup mengecewakan. mbak-mbak bagian packing takeaway kurang ramah. Mohon perbaikan ke depannya.,2026-08-31T16:53:20
ChdDSUhNMG9nS0VJQ0FnSUNyN1pLbjJRRRAB,,1.0,Servicenya kurang banget lama menunggu dimsum dan minum 45 menit. Rasa mie gacoannya kurang gurih tidak seperti rasa gacoan yg di depan grage. Pesen udang keju ga ada kejunya pesen gacon level 1 malah dikasih level 2.,2026-08-31T16:53:20
Ci9DQUlRQUNvZENodHljRjlvT21WSk9WVTFSRUZ6TVcxdFozZzRZMVp0UVZOVFlsRRAB,,1.0,"toiletnya kurang bersih,,sekalinya ke toilet masih ada sisa kotorannya🤮🤮....tolong di perhatikan untuk kebersihan toiletnya …",2026-08-31T16:53:20
Ci9DQUlRQUNvZENodHljRjlvT2xsd1prSnZkMmxDVEZWbFV6RXdZM0V5Um10eVNsRRAB,,1.0,"aku baru beli tadi hari ini jam 21.00 Kasir nya ko cuek bgt ya yang seblah kanan, trus karyawan cowo yang di meja buat ngambil psenan gajelas mukul mukul meja triak triak",2026-08-31T16:53:35
Ci9DQUlRQUNvZENodHljRjlvT2pWZmRsTkZNMDlCUlZsemNsOUpiMVpSUjJrNGFXYxAB,,1.0,"Pelayanan nya lama.. Kasirnya jutek, pesen take away sampe sejam belum jadi2.. buang2 waktu",2026-08-31T16:53:35
Ci9DQUlRQUNvZENodHljRjlvT2xsQ1R6bGhhVXhZUzI5bFQycFFVbk5GUkUwNFNXYxAB,,5.0,Makanannya enak dan pelayanan nya juga cepet ramah pokoknya the bestt👍❤️ …,2026-08-31T16:53:35
Ci9DQUlRQUNvZENodHljRjlvT21OSU5VbHBTM0JYWjNodE9Ea3RRbGMzUTI4MVFsRRAB,,5.0,"Pelayanannya sangat ramah,,,,rasa makanan sangat pas",2026-08-31T16:53:35
Ci9DQUlRQUNvZENodHljRjlvT2pWQlZqVldWMFpXZWpsUU5FSXpUa3hYT1VWS1pVRRAB,,5.0,"Kali kedua kesini, kalau mau ga antri agak pagi, saya datang sekitar pukul 09.00 dan sudah lumayan ramai.",2026-08-31T16:53:35
Ci9DQUlRQUNvZENodHljRjlvT2paeFdubGxZazl2ZEZkbll6bDJlbHBFVmsxRVIwRRAB,,5.0,Kemaren kesitu bnyk perubahan pegawai nya juga ramah ramah apalagi yang mba mba yang kalo ga salah name tag nya susi,2026-08-31T16:53:35
ChdDSUhNMG9nS0VPZmNvTlNjLTVhR3ZBRRAB,,5.0,Sekarang pesenannya di anterin tp husus yang mie nya aja kl ada tambahn menu lain ambil sendiri,2026-08-31T16:53:35
Ci9DQUlRQUNvZENodHljRjlvT2pkbmRtSlpNbm95T0hocFJWOUVWRzVwTm5WdVRVRRAB,,2.0,"Lain kali untuk karyawan nya lebih fokus lagi sy udh nunggu 1 jam tapi untuk pesanannya salah semua,gabisa di cancel dengan alesan ""KESALAHAN DRIVER"".",2026-08-31T16:53:35
Ci9DQUlRQUNvZENodHljRjlvT2pOcmJIVlhPWEUwZUhsSFVtaGFUWEIwU2tWS1pHYxAB,,5.0,sangat gurih mie nyaa dan pedasss mantappp,2026-08-31T16:53:35
Ci9DQUlRQUNvZENodHljRjlvT20wNGR6TnZlWGx1VWxaTFlXaGphMlpaWHpCS1pXYxAB,,4.0,lumayan memuaskan rasa makanan dan pelayanan serta suasana tempatnya,2026-08-31T16:53:35
ChdDSUhNMG9nS0VJQ0FnTURJcE5tLWpnRRAB,,1.0,"Pesan mie gacoan dari jam setengah 2 mie baru dikirim setengah 3 ko lama banget yahh?? Terus pangsit mie nya adaa hewan kecilnya hewan apaa ituu🤮🤮🤮, tempat minuman nyaa jorok sekali apaa engga pernah dicuci bersih tempatnya?? …",2026-08-31T16:53:46
Ci9DQUlRQUNvZENodHljRjlvT2tGclNqaG5NbU10WHpCUk9EUlZVMFZHVVdWa1ZFRRAB,,3.0,Bagong....gw pesen level 1 malah dpt level 3 Akhhhhh,2026-08-31T16:53:46
Ci9DQUlRQUNvZENodHljRjlvT25Vd2FFOXRVblZtZEdSak5qaFhSRjlYYUdsVU5VRRAB,,5.0,Best banget recommend pokonyaaaaaa leadernya mantap berasa diprioritaskan ❤️,2026-08-31T16:53:46
Ci9DQUlRQUNvZENodHljRjlvT2tWRVZVNUljSGQxZFhrd2NqVTRZbmxTYW5KV2RWRRAB,,3.0,"Minumannya di duluin dong,namanya juga mau makan pedas ya harus siap minuman nya dulu,mie udah abis minuman baru jadi🥵 …",2026-08-31T16:53:46
ChZDSUhNMG9nS0VJQ0FnSUQzbnQ2VWJBEAE,,2.0,"Pelayanannya baik, cuma ada perubahan dari rasanya, dari mulai bumbu mie yang terlalu asin sampai terasa getir di lidah, per udangan yang tidak terlalu berasa, mohon ditingkatkan lagi, terimakasih",2026-08-31T16:53:46
Ci9DQUlRQUNvZENodHljRjlvT25KNFdGODNVWEJmVG5KQlduUkxORE5ITW1rdFVGRRAB,,4.0,"Sebenernya AQ kesini mau liat teteh kasir cantik si teteh nita, eh pas kesini g Ada.. Pelayanannya Bagus hehe.. UDah",2026-08-31T16:53:46
Ci9DQUlRQUNvZENodHljRjlvT2xObWRrcFVVMlpmWjB0RlMzTnBUVmhtWms1RlFVRRAB,,1.0,Dasar resto lelet nunggu orderan jadi sampe 1jam setengah kl ga ditanyain mungkin sampe 2jam,2026-08-31T16:53:46
Ci9DQUlRQUNvZENodHljRjlvT2tKeVFVaHpRelJXYVd0blUxVnBUbUYzY0hRdGFVRRAB,,5.0,"Jelas makannya enak , pelayanan nya cukup ramah, ada mas mas ganteng juga yg jd pelayan nya ,murce mampuss",2026-08-31T16:53:46
Ci9DQUlRQUNvZENodHljRjlvT2xWU1MwVlVNMlpNWTNwbVNqUklUbXhaVFUwMGNFRRAB,,5.0,Harus bersabar kalo mesen makanan di sini,2026-08-31T16:53:46
Ci9DQUlRQUNvZENodHljRjlvT25WR2N6QXliMDVDZW05T1MwTlhOVGRhU3kxYWNrRRAB,,5.0,"Haloo, aku mau berbagi story disini seru banget banget pelayanan ramah cepat dan responnya baik, gacoan tuparev ini nerima buat bantu surprise ultah tanpa biaya tambahan hanya bayar menu yg dipesan, dibantu surprise sama mereka dan bonusnya dirayain juga sama yg lagi makan disanaa ini sesi foto juga dari pihak mereka yg inisiatif buat ambil dokumentasi terimakasii banyak semoga rezeki kalian makin lancar, bahagia dan sehat selaluu. Jazakallah khairan katsiron 🤍",2026-08-31T16:53:46
Ci9DQUlRQUNvZENodHljRjlvT2pGSU4wNHdNMmd6YmpCTU5sbHVORXBuWlRKcFRHYxAB,,5.0,nyaman temptnya dan pelayanannya cepat,2026-08-31T16:53:56
Ci9DQUlRQUNvZENodHljRjlvT25sbFRuYzBNM1prWW05Sk9VWkZhRVJ2Tm1FME1WRRAB,,5.0,"pelayanan nya oke bangett, ramah cakep cakep end makanan nyya juga enakkk kaya gacoannn, the bestttt💖💖💖💖💖",2026-08-31T16:53:56
Ci9DQUlRQUNvZENodHljRjlvT21KMmNqRTBla3RVWTFReFIyRjFjbEl5VlRSNU4yYxAB,,1.0,"Pelayanan buruk,untuk abang penganter nya pake masker pelanyan nya ga becus makanan dibanting' gajelas",2026-08-31T16:53:56
Ci9DQUlRQUNvZENodHljRjlvT25nMU1IbExXbVp4Um5scGMzZFRSbmhpWlZGa01GRRAB,,5.0,"Tempatnya nyaman,pelayanan nya ramah dan cepat,rasa tidak berubah sama sekali,tidak mengecewakan!",2026-08-31T16:53:56
Ci9DQUlRQUNvZENodHljRjlvT2pOa1RHbEpOSEpUVlZVNGVFUmpiRkp6WkhSd1FWRRAB,,1.0,Tolong kasirnya di ajari etika Pesen paket 5 di kasih mie 5 dimsum 4 es 4 yg 1 orang ga minum ga ikut makan dimsum jga gtu?,2026-08-31T16:53:56
Ci9DQUlRQUNvZENodHljRjlvT2xaM1ZuaDRUekpZVG5Vd1JrNTBkV2hpWWw5NVNsRRAB,,4.0,overall oke cuman dapetnya org yg ngerokok di samping bkin ga nyaman banget,2026-08-31T16:53:56
Ci9DQUlRQUNvZENodHljRjlvT2xaSGQwWTRXVzFEWmpsQkxVVnJVazFIVVcxR2FrRRAB,,4.0,"Enakk,murah pelayananya ramahh pokonya okee semuanya🤗",2026-08-31T16:53:56
Ci9DQUlRQUNvZENodHljRjlvT25CbWJXOXNabUYyV21wWlkycGtVVGcwWDBWV1FuYxAB,,3.0,Beli udang keju ga ada keju nya parah bangettttttttt... Ganti nama ajh jadi udang nya ajh,2026-08-31T16:53:56
Ci9DQUlRQUNvZENodHljRjlvT25WYWRtVm9TblptVFV0cFpVcDFRV05FTFVSTFozYxAB,,5.0,"tempatnya nyaman makanan nya enak, tapi ada orang teriak kicau mania, dan mesen gacoan level 0 gada cabenya",2026-08-31T16:53:56
Ci9DQUlRQUNvZENodHljRjlvT2xsVGIzTjBWMjVMV1ZkTVZYVlZRemgxWkhZdFMyYxAB,,5.0,"mantap pol, pelayanannya ramah, semua muanya bagus mantap sipp bangett, lebih higienis juga, terus udah makin meningkat lah",2026-08-31T16:53:56
Ci9DQUlRQUNvZENodHljRjlvT2tsd1lsWkxVVU5vUmtGQ2FqUnZhelZpY0hkNlVtYxAB,,5.0,"pelayananya ramah sekali, makananya juga enak cocok deh buat yang mau makan mie sambil nongkrong dengan harga yang terjangkauu, cuss langsung ajaa kesinii",2026-08-31T16:54:05
Ci9DQUlRQUNvZENodHljRjlvT2pSSE5IcFFWamRmUjFwVVpIaE1VR3RTTkRWaU9HYxAB,,5.0,makan di sini sangat nyaman karena kalau siang cepet dan pelayan nya ramah,2026-08-31T16:54:05
Ci9DQUlRQUNvZENodHljRjlvT214WWRGWllZbFJ6WTJKRldreE5UelphYUd4d1JWRRAB,,5.0,"makanannya enak, tapi pangsitnya makin kecil, tempatnya enak tapi kalo bisa lebih luas lagi, lumayan cepet nunggu makanannya",2026-08-31T16:54:05
Ci9DQUlRQUNvZENodHljRjlvT25neE1uQkxaMHhwTUV3eFFrUlJlVEYwYlhad0xYYxAB,,5.0,"pengalamann saya disini sangat menyenangkan, nunggu nya ga lama, tempat nya juga nyaman",2026-08-31T16:54:05
ChZDSUhNMG9nS0VJQ0FnSUM3bk95a0pBEAE,,2.0,"Sepertinya Pelayanan disini belum matang sepenuhnya, tdk seperti waktu di kejaksan, karena sampai hari ini katanya masih ada maintenance printer rusak yang mengakibatkan antrian mengular panjang Semoga kedepannya bisa lebih baik lagi",2026-08-31T16:54:05
Ci9DQUlRQUNvZENodHljRjlvT2xoQlkzSjZWMmR2YlMxUlN6VlRPV0pVU25aRE5FRRAB,,1.0,karena mengambil dumpling disebutkan di mic tidak memakai alat khusus,2026-08-31T16:54:05
Ci9DQUlRQUNvZENodHljRjlvT2paalRUbGhRazR5WTBSUFVucHhRV1poUzFoU2RtYxAB,,1.0,"waitersnya pilih kasih, kita masa ngambil makanan dan minuman sendiri sedangkan sebelah dianter semua",2026-08-31T16:54:05
Ci9DQUlRQUNvZENodHljRjlvT25aQmJITXljV3Q2UjFRMVQzRmxSQzFoWlhKbE9HYxAB,,2.0,"Restoran tapi habis makan lap mulut pake tangan, habis gak ada tissu. Mending makan di pecel lele ada tisunya",2026-08-31T16:54:05
Ci9DQUlRQUNvZENodHljRjlvT2s5NE15MVhZekpWTjNWU1gyaGxkMjlEWW10eFpIYxAB,,5.0,Mantap pelayan dri pak Sholeh terbaik,2026-08-31T16:54:05
Ci9DQUlRQUNvZENodHljRjlvT2twemNrRlVSbVJvV0Y5b2VHOUljM1pwZVd0QlMxRRAB,,5.0,"Mie gacoan tuparev, tempat yang nyaman untuk makan dan bersantai bersama dengan keluarga. Harga yang murah dan enak sangat cocok untuk dikunjungi lagi",2026-08-31T16:54:05
Ci9DQUlRQUNvZENodHljRjlvT21jd01FVlFTSEkwYkc5WWNuRlBiVEJEY0V4eFZWRRAB,,2.0,"Komplen meja makan nya LENGKET ga di gubris sama sekali, padahal saya baru dateng. Kotor ada bekas2 plastik makan juga",2026-08-31T16:54:13
Ci9DQUlRQUNvZENodHljRjlvT25NME0yOTVORWhZYVRkelFURmFSRXhsWW5CQ00yYxAB,,5.0,"Pelayanannya cepat ,harga terjangkau ,tempatnya lumayan nyaman dan bersih juga tempanya",2026-08-31T16:54:13
Ci9DQUlRQUNvZENodHljRjlvT21kS1RGSlJMVGh5V1dOd1F6WjFaVTFMYlVRMVZFRRAB,,5.0,"seruu,pelayanan baguss,pelayanann cepat dan ramahh",2026-08-31T16:54:13
Ci9DQUlRQUNvZENodHljRjlvT2t4cFMwSkdlVXRGYjFwTFIxZ3lXa3hDT0VsR2NuYxAB,,5.0,"Makanannya cepat jadinya, tidak membutuhkan waktu yang lama, staffnya sangat membantu juga saat mencarikan meja",2026-08-31T16:54:13
Ci9DQUlRQUNvZENodHljRjlvT2w4MVRGOVJNSHBHWDBZNE0yMWFNakJsUVV4dmVGRRAB,,1.0,Bagian kasir aga budek yaaa saya ga pesen pangsit malah di pesenin aga laen emang kjadian pagi ini,2026-08-31T16:54:13
Ci9DQUlRQUNvZENodHljRjlvT2xWamVGZzBhelpYTUUxVWVWaGlRalZ2VVRBMVZGRRAB,,5.0,josjis tempat nya luas buat nongkrong nongkrong manja,2026-08-31T16:54:13
Ci9DQUlRQUNvZENodHljRjlvT2s4eGJtSlRkemgwY1hKSU1XSjFjV0pmYUVvdFNtYxAB,,5.0,Makanan nya enak dan tempat nya nyaman,2026-08-31T16:54:13
Ci9DQUlRQUNvZENodHljRjlvT2t0WU1qWnlaVmN5TFZSNFNrbFZiVzlUWkhWeWQwRRAB,,5.0,"Mas mas di sini pada ramah banget mau bantu saya juga, terimakasih mas. Emang bagus pelayanan nya.🙏",2026-08-31T16:54:13
Ci9DQUlRQUNvZENodHljRjlvT2kxbVRHTjVia1EwWmpOaE9GYzJNMGd3ZEhGQk9XYxAB,,3.0,enak bgt cepet penyajian nya pedesnya mantap,2026-08-31T16:54:13
Ci9DQUlRQUNvZENodHljRjlvT2kxQ2NHaHhWalpuVEhSS2FuQmFVRU4zZUd4UkxXYxAB,,3.0,"Pelayanan kurang banget jelek 😡 orang bnyak tapi kebanyakan mondar mandir nggak jelas , kurang banget asli pelayanan nya …",2026-08-31T16:54:13
Ci9DQUlRQUNvZENodHljRjlvT2xSR2JURmpORXAzVDNwQ1RuWkNWa2xYVEVaaWRIYxAB,,5.0,"Ramai seperti biasa, harga murah jg. Tp blm sm parkir huhu",2026-08-31T16:54:22
Ci9DQUlRQUNvZENodHljRjlvT2pGWlVqUnlkbFZUTjNKVU5FSnVXRzlhWTNCWlluYxAB,,5.0,"Pelayanan yang sangat mantap, padahal lagi ramai tapi bisa cepat service time nya. Rekomendasi bgt deh",2026-08-31T16:54:22
Ci9DQUlRQUNvZENodHljRjlvT2tWSlEzRkVhV05WT1RoblEzTTBWbTV2ZVVGcFUxRRAB,,1.0,pada tanggal 19 febuari 2026 pelayan tidak ramah saya mau pesan take away malah diketawain banyak pelayan dan ada 1 cewe yg ngebuli juga,2026-08-31T16:54:22
ChZDSUhNMG9nS0VJQ0FnSUNfc0l5Ylp3EAE,,1.0,"Tisu tusuk gigi nggak ada, udah minta di suruh ngambil di sebelah wastafel tau nya kosong, mana tipikal makanan berminyakk. Bikin badmood meja juga harus minta di bersihin. Siomay nya juga dingin mau minta yg anget males, lemineral nya mana woy ini vit 😩",2026-08-31T16:54:22
Ci9DQUlRQUNvZENodHljRjlvT25Fd1EwdDFXbk5xUVU1RE5tZENjVmxOV0VrMmNWRRAB,,1.0,"50 MENIT NUNGGU, GILA AJA SIH. MEJA SEBELAH YANG BARU DATANG UDAH DAPAT SEMUA PESANANNYA. SEMENTARA SAYA NUNGGU SELAMA ITU. GA NGERTI SAMA SISTEMNYA GIMANA. KAPOK, PELAYANANNYA GA BANGET. UDAH KOMPLEN KE KARYAWAN GA DITANGGAPI, SAMPE HARUS BEBERAPA KALI KE DEPAN BUAT MASTIIN ORDERAN DIANTAR KE MEJA",2026-08-31T16:54:22
Ci9DQUlRQUNvZENodHljRjlvT25OS01ISlNOVnBFV2xsemJVeE9jMHB0TWxSWWQzYxAB,,1.0,"Kyknya skg kunjungan terakhir..kapok², udh 2x dibikin kecewa sama pelayanannya yg buruk😢 1. Sy pesen makanan bnyk utk ber 4 cmn dpet sumpit 3, minta sumpit 1 lg engga …",2026-08-31T16:54:22
Ci9DQUlRQUNvZENodHljRjlvT25jNVNEUXhhR1pvUkRFemJHVmtTWGhqVjBGd1NIYxAB,,1.0,"pelayanan nya ga bgt, mie saya tumpah di jaket sama jeans saya krna karyawanya.",2026-08-31T16:54:22
Ci9DQUlRQUNvZENodHljRjlvT21OVk9HMW1hVUpwTW5nMWN6QmZOSE5EVEdsZldYYxAB,,1.0,Pelayanan kurang songong juga,2026-08-31T16:54:22
Ci9DQUlRQUNvZENodHljRjlvT25aMVVGZEhMVEpNU2toTFJreFVZWGhsV25vM1ZFRRAB,,5.0,"Gacoan terbaik! Rasa pedasnya pas, tekstur gacoannya gurih dan lezat. Pelayanan cepat dan ramah, worth it untuk dikunjungi lagi! ⭐️⭐️⭐️⭐️⭐️",2026-08-31T16:54:22
Ci9DQUlRQUNvZENodHljRjlvT21obGJWSjZhMDlJWDNrM1pXVkVkMlo2WjNsTVFsRRAB,,5.0,pokoknya semua saya puas di sini wajib makan di sini nyakkk,2026-08-31T16:54:22
Ci9DQUlRQUNvZENodHljRjlvT2xwRmFYSnlVazVsZFc0MmIwTXRPRmczTWpGcVdHYxAB,,5.0,"Tempatnya cozy,,mas dan mba spg nya ramah2,,pokoknya the best deh gacoan tuparev cirebon",2026-08-31T16:54:30
Ci9DQUlRQUNvZENodHljRjlvT21neVlrRnhlRTlUYWtGbmJuVllPRVpCYkhOb1JtYxAB,,5.0,Pas kesana pas weekend pas jam makan siang. Jadi ya nunggu bangku kosong dulu. Tapi pelayanan ok kok,2026-08-31T16:54:30
Ci9DQUlRQUNvZENodHljRjlvT2tKdlp6VnNOVUl6TkV0aE4wbHljM0Y2ZVV4cVYyYxAB,,1.0,Matiin aplikasi restonya.. Nunggu sejam klo cpt sejam bisa dpt 2-3 orderan,2026-08-31T16:54:30
Ci9DQUlRQUNvZENodHljRjlvT2xkV1ZGWktTa2RpVmpnMmR6SjRNM0pGU1RjeFluYxAB,,1.0,"lama banget dateng nya, hampir sejam nunggu gak dateng dateng, padahal kondisi lagi sepi, mohon untuk diperbaiki lagi",2026-08-31T16:54:30
Ci9DQUlRQUNvZENodHljRjlvT2xwRGJWcGtMWFJVVWpSWVJFazRhazR6WWxFd2VXYxAB,,1.0,Harga murah dan bersahabat tapi pelayanan yg kurang ramah. Mau beli antri bisa 1 jam. Ubah konsepnya pake nomer antrian biar costumer bisa duduk sambil menunggu antrian pesanan,2026-08-31T16:54:31
Ci9DQUlRQUNvZENodHljRjlvT2tKSGVIVk9VMVpETjI1TlEyeEdhbFowZWpaRGMwRRAB,,5.0,"superr enakkk hargaa okee jugaa, rasa ga pernah berubah dri dluu",2026-08-31T16:54:31
Ci9DQUlRQUNvZENodHljRjlvT21kcFJtNXVMVmxqY0U4eVYxaHBOSEl4VkhkTVZFRRAB,,1.0,"Kursi masih banyak ngapain buka wl, udah mah lama nunggu wl nya, nunggu wl + nunggu makanan banyak waktu kebuang",2026-08-31T16:54:31
Ci9DQUlRQUNvZENodHljRjlvT21oRlkxTXllRkJpZWsxeWJtTTJSa2xtWm04MFlrRRAB,,4.0,"tempat nyaman, makanan enak, pelayanan juga oke",2026-08-31T16:54:31
Ci9DQUlRQUNvZENodHljRjlvT2pWeVRHRkxSalJ3VURsR1VrbFZWRzFVZVZaeFpVRRAB,,5.0,pelayanannya baik ramah dan wort its,2026-08-31T16:54:31
Ci9DQUlRQUNvZENodHljRjlvT2tvNVEyNTJibWxuZVhRd1NYZDFURVZ6T1hOcldFRRAB,,5.0,"Mantap,rasa enak,harga sangat terjangkau,pelayanan ramah dan cepat",2026-08-31T16:54:31
Ci9DQUlRQUNvZENodHljRjlvT2xSS1YyRlBSMnhtYmpWU2RrVnRXakZsYWtWUlNHYxAB,,5.0,"pelayanan ramah, makanan higenis, tempat nyaman, wajib dateng kesini pokonya yaa!",2026-08-31T16:54:40
Ci9DQUlRQUNvZENodHljRjlvT2tGNk1HOVNUbmxIZVRSTE5sRkdXWEJoZUZCc09YYxAB,,2.0,"Tidak kondusif dan merokok dalam ruangan, mengganggu bagi kamu yang membawa anak kecil🥹 …",2026-08-31T16:54:40
Ci9DQUlRQUNvZENodHljRjlvT2tWeWFtcHJVRzV0TmxGZmQxQlBNVXR4WTNwS1FsRRAB,,3.0,"Pelayanan Sangat Buruk Dikhususkan Untuk Take Away Pada Tanggal 06/01/06 pada pukul 11.30 karyawan take away AWxxx tolong Dibenahi Permasalahan Ini🙏🏻🙏🏻🙏🏻, sy juga pembeli bukan Untuk Dikerjain Begini.Nama Pemesan Disebutkan Ternyata Bukan,Baru sy duduk Baru Disebutkan Pesanan Saya.estimasi Waktu Sangat Berharga Buat kami👍🏻",2026-08-31T16:54:40
Ci9DQUlRQUNvZENodHljRjlvT2twSmVrRlRjMFpmUkdaTFkzQkRlV3hIUVcweWFuYxAB,,5.0,"tempatnya enak bersih,pelayanan nya mantap",2026-08-31T16:54:40
Ci9DQUlRQUNvZENodHljRjlvT2todlVUZHZjSGhIVVdSMFMyeDJNSFp4V205cVpFRRAB,,5.0,"kadang rasa pedes nya ga konsisten , tpi over all okeeyy!!",2026-08-31T16:54:40
Ci9DQUlRQUNvZENodHljRjlvT2twYVVUUkVOMW94WDFBMFpHTk5ZMUphYUVoSWFFRRAB,,5.0,"pelayanan ramah, makanan nya enak",2026-08-31T16:54:40
Ci9DQUlRQUNvZENodHljRjlvT25Gb2VtOXRUMEZIVFVkMmJVOXZja3BPU1doVVZIYxAB,,5.0,"pelayanan ramah, tempat nya bersih",2026-08-31T16:54:40
Ci9DQUlRQUNvZENodHljRjlvT2xoU01tMWllREZsYW5NMlNuRlRZek5YT0hkZlUzYxAB,,5.0,"pelayanan nya ramah, makannya enak banget",2026-08-31T16:54:40
Ci9DQUlRQUNvZENodHljRjlvT2twcFN6SnJiRzF2V1Vwd1lVRmxSRTR3VERRNVNWRRAB,,5.0,"rame tapi seru, makanan datang cepet, harga terjangkau. Worth it buat anak muda. 8/10.",2026-08-31T16:54:40
ChZDSUhNMG9nS0VJQ0FnSURYcWUzdUdBEAE,,5.0,"Pindahan dari gacoan tentara pelajar, tempatnya luas cukup ramai juga. Kemarin pesan mie gacoan level 1 tapi rasanya lebih ke manis. Pelayanan cukup cepat⭐⭐⭐⭐",2026-08-31T16:54:40
Ci9DQUlRQUNvZENodHljRjlvT2tsR1ZXOUlObTVLYWtGNFpHTmpRV2N4UzFkb09VRRAB,,5.0,"Pelayanannya ramah baik, makanya juga enak",2026-08-31T16:54:47
Ci9DQUlRQUNvZENodHljRjlvT2paM1NIZElkRVpaYVdKQ04wUmlPRU14VG5KSFNVRRAB,,5.0,"makanya sangat enak, pelayanannya sangat baik,",2026-08-31T16:54:47
Ci9DQUlRQUNvZENodHljRjlvT21jdGQzcFFiV1JSUTJOT2NsOVlRbEZDYW5Vd2NWRRAB,,5.0,"Tempat sangat luas, lega, sirkulasi udara sangat baik, meja kursi banyak, tempat parkir juga sangat luas, makanan enak, minuman enak dan harga bersahabat..terima kasih",2026-08-31T16:54:47
Ci9DQUlRQUNvZENodHljRjlvT2w5V1IzZHZVamRJTmpCR0xWSkdjVmRvUTNGMWFuYxAB,,1.0,"pesen sejam ga di antar” pas konfirmasi ternyata struk pesanan tidak tercetak, kalo ga konfirmasi ga bakalan tu pesanan di antar antar",2026-08-31T16:54:47
Ci9DQUlRQUNvZENodHljRjlvT25oUGJWZEdVMEl0YWt0Mlp5MXlRMU5vT0ZCeFMyYxAB,,5.0,Mie nya enak farsh banget sama udang kejunya masih panas. Pokoknya enak poll,2026-08-31T16:54:47
Ci9DQUlRQUNvZENodHljRjlvT21vNU1rVndaa2Q0WTFwQ09ITlhYMGd5UmpBMVVrRRAB,,1.0,kalo take away lama banget sllu kena duluan sama grab atau gojek,2026-08-31T16:54:47
Ci9DQUlRQUNvZENodHljRjlvT2w4elJFbGpXRTVmUTA4M2NWWnBNbU5wV1RkUVQzYxAB,,5.0,Tempat nyaman palayanan sangat ramah dan untuk pemesanan lebih mudah dan ngk terlalu menunggu lama,2026-08-31T16:54:47
Ci9DQUlRQUNvZENodHljRjlvT20wd05URlNSWFpVVGtFd2IwUmxVVE5GYUZOcGVFRRAB,,5.0,Alhamdulillah kenyang dan cepet habis😜 …,2026-08-31T16:54:47
Ci9DQUlRQUNvZENodHljRjlvT25sQmVUaFNXSFI1UzJGQ2VVeEdObGRuYVZBdGIzYxAB,,5.0,"Gausah di tanya lagi, tempat Nongki paling hits.. harganya terjangkau, rasa oke",2026-08-31T16:54:47
Ci9DQUlRQUNvZENodHljRjlvT21GTE1VdG9XVzFhYkZkeGVtNVNlVFUxUlhjemIyYxAB,,1.0,"Lain kali jika seat sudah ada yg reservasi kasih tanda atau apa, sudah bawa anak kecil geser kursi sendiri eh tiba2 datang perugas itu ada yg pesan...kan sama2 bayar",2026-08-31T16:54:47
Ci9DQUlRQUNvZENodHljRjlvT2tObWVGRkVlbkZVWmpKNlJtaEVMVzg0TURCdU1rRRAB,,5.0,Makanan nya enak dan pelayanan nya cepat ramah juga,2026-08-31T16:54:47
Ci9DQUlRQUNvZENodHljRjlvT2tKT2RWVXpNVmhQVDFsbFJqaDNUMHN6TUVsa2EzYxAB,,5.0,"Mie Gacoan Tuparev, tempat nyaman dan santai yang cocok dikunjungi bersama dengan keluarga. Staff yang ramah dengan harga yang murah sangat worth it untuk makan disinii 🤗🤗✨️ …",2026-08-31T16:54:47
Ci9DQUlRQUNvZENodHljRjlvT2pORExYbG1SbkV6ZWpWdE4xSlRZVUYzUWpSNVVWRRAB,,1.0,lemot padahal ngelayanin cust cuma 1 org tapi kaya ngantri ramean,2026-08-31T16:54:47
Ci9DQUlRQUNvZENodHljRjlvT2kxVFYxUjBOelZTUVZOblgxSklTMWw1VEVkR1FYYxAB,,1.0,"Minuman datangnya telat, kalo bisa makanan sama minuman datangnya barengan.",2026-08-31T16:54:47
ChZDSUhNMG9nS0VJQ0FnSURmeUwyR0hnEAE,,2.0,"Pesen online mie nya berminyak sekali, udah gtu dingin berasa kaya makan mie udah direbus sore diaduk dibumbuin doang",2026-08-31T16:54:47
ChZDSUhNMG9nS0VJUzhqdkxIbjlIMWN3EAE,,5.0,"Pelayanan ramah, makanan cepatt. Untuk udang rambutan kali ini lumayan lebih asin mungkin bisa di kurangin dikit👌 …",2026-08-31T16:54:47
Ci9DQUlRQUNvZENodHljRjlvT25OZk1HRnRkblIwT0doQ2RHMUhOMHBqV1d4SWRYYxAB,,5.0,"Gacoan the best, makanan nya enak. Tempat yang nyaman Dan cocok untuk dikunjungi bareng keluarga",2026-08-31T16:54:47
Ci9DQUlRQUNvZENodHljRjlvT2s5R2R6RldWM2cwTFdOaWJsZG9MV1o1YlhkUGRtYxAB,,1.0,"Lagi enak makan udang keju, tiba-tiba ngunyah kayak batu kecil keras ini. Keras loh ini astaga. Bikin selera makan hilang",2026-08-31T16:54:47
Ci9DQUlRQUNvZENodHljRjlvT2kweU9VRTRUVmhhYUc0M1pHVktWVWgyYW1WSlduYxAB,,5.0,Makanan nya enak👍 …,2026-08-31T16:54:47
ChZDSUhNMG9nS0VJQ0FnTUNvay1yRU1BEAE,,1.0,"Setiap mau makan ke gacoan layanan lama banget saya hampir 1 jam lebih 30 menit nunggu makanan enggak ujung datang, yang antri an di belakang saya udah dateng duluan tidak konsisten 😑 …",2026-08-31T16:54:47
ChdDSUhNMG9nS0VJQ0FnTUNvcnRfcG5BRRAB,,1.0,"Pangsit dan krupuk nya gosong dan rasanya sangit, udh minta ganti ke service tapi kata service nya gak bisa di ganti+omongan nya jutek tidak ada kata MINTA MAAF KA/TEH PANGSIT NYA TIDAK BISA DI GANTI!! KECEWA KARNA GACOAN TERKENAL DENGAN PANGSIT NYA YANG ENAK",2026-08-31T16:55:00
Ci9DQUlRQUNvZENodHljRjlvT25wM2JGSnJTbFJoVERsTFpuWmlSWEpmZDNKdlRtYxAB,,5.0,makanannya enak dan pelayanan nya ramah bangett👍 …,2026-08-31T16:55:00
Ci9DQUlRQUNvZENodHljRjlvT2tGcVpFcFdNVFU0ZEd0bmVYRk9Za1ZJUzJSNVNsRRAB,,5.0,makanannya enakk tempatnyaa nyamann pelayannyaa ramah dan sopan,2026-08-31T16:55:00
Ci9DQUlRQUNvZENodHljRjlvT2xkWWFVRnBZMGRzWWpOYWJFTjBUMTl4TUZsMGQxRRAB,,5.0,Makanan nya enak harganya terjangkau untuk bawa anak2 sekolah kesini.. Sayangnya tadi panas sekali kipasnya gk gerak2...,2026-08-31T16:55:00
ChdDSUhNMG9nS0VJQ0FnTUNvOElpY3FRRRAB,,1.0,"Makanan Dateng nya lama sudah satu jam lebih nunggu, padahal bukan weekend,hari biasa,Pelayanan nya di tingkat in lagi.",2026-08-31T16:55:00
Ci9DQUlRQUNvZENodHljRjlvT2kxcVRYbzRXazFaUzFWUVJHdDBZM2x4UW5WWlQxRRAB,,1.0,terlalu lama menunggu antrian kurang gercep tidak menghargai driver online lebih mementingkan offline di bandingkan online,2026-08-31T16:55:00
Ci9DQUlRQUNvZENodHljRjlvT21aQlgyZEpTMHhXVEdvNGNGbDRWM293VDBoSGJFRRAB,,2.0,"kecewa ngantri udah lama pesen mie gacor Level 2 yang dateng level 5 ,",2026-08-31T16:55:00
Ci9DQUlRQUNvZENodHljRjlvT2t0ZlZqTnFPVzFHU213eVozcDZlVk5YWkcxcVVtYxAB,,1.0,pesen lvl 1 dateng pedes bgt ga keromen,2026-08-31T16:55:00
ChZDSUhNMG9nS0VJZTd2NUhyNW9PbUxnEAE,,5.0,Pelayanan lumayan cepat. Pelayannya ramah². Makanannya enak. Kebersihan lumayan.,2026-08-31T16:55:00
Ci9DQUlRQUNvZENodHljRjlvT2twekxWSTRaVzVwY214VWVHZFpUbVV4UzFoSGRXYxAB,,1.0,"padahal nunggu udah ada 1 jam ga jadi"" pesananya",2026-08-31T16:55:00
Ci9DQUlRQUNvZENodHljRjlvT25SR1prWjNaMWM0YkdGVVJEVnhiRVJ0UmxobE1GRRAB,,5.0,"Pertama kali ke mie gacoan yang di Tuparev. Mie gacoan, hompimpa, siomay, dan udang kejunya best rasanya",2026-08-31T16:55:09
Ci9DQUlRQUNvZENodHljRjlvT25oM1RtSXlOR1p2WW14VllqWlZibFZoTlRkQ1JsRRAB,,5.0,"tolong pelayanan nya di perbaiki ya, masa makanan masih banyak yg utuh tp meja nya uda di clear up. ga etis bgtt beda sama di pemuda",2026-08-31T16:55:09
Ci9DQUlRQUNvZENodHljRjlvT25rME0zTnNlVVpZYm5wUGVrTk5PRGRPUms5dFozYxAB,,1.0,"karyawan gak jelas, meja banyak yg kosong ga dipanggil panggil, malh asik ngobrol, gaada kejelasan dari pihak yg nerima waitinglistnya!",2026-08-31T16:55:09
Ci9DQUlRQUNvZENodHljRjlvT2pWb1QwdHlWVEJJTVVab09VaEVVa0oxUW1wTVMxRRAB,,5.0,enak murah dan terjangkau,2026-08-31T16:55:09
ChZDSUhNMG9nS0VJQ0FnTUNvc0ttQlBBEAE,,1.0,"pliss bgt beli lwt gojekk masa yg dtg remahan²an bgtu, udh mana gd nomor yg bisa di hubungin, lain kali d cek lg lahhh udh mana nunggu lama dateng ga sesuai ekspetasi",2026-08-31T16:55:09
Ci9DQUlRQUNvZENodHljRjlvT25SYU5GZG5UazVqYkRoWk5rWnVlVFZDY21VMmVWRRAB,,5.0,"pelayanannya baik,makanannya enak",2026-08-31T16:55:09
Ci9DQUlRQUNvZENodHljRjlvT21KclNVUlBUSE5JVERsUFZXdzVXbU5sUTJsclFWRRAB,,1.0,"baru Kali ini kecewa makan di gacoan. 25 desember 2025 malem saya pesen mie gacoan 2 udang keep 1 lumpia udang 1, pas mau makan lumpia udang saya liat Ada serangga kecil 1 jadi saya ambil saya …",2026-08-31T16:55:09
Ci9DQUlRQUNvZENodHljRjlvT2xabFduQndaRUV3VkdOVmRuZzFSbDlmUTNoTGVGRRAB,,5.0,"Pelayanan nya cepet banget,mantapp",2026-08-31T16:55:09
Ci9DQUlRQUNvZENodHljRjlvT25Rd1UxSXplWFpPYlVaQlN6WmlaSE5QZEdwaU5uYxAB,,5.0,Makanan dan pelayanannya oke bangettt!!!,2026-08-31T16:55:09
Ci9DQUlRQUNvZENodHljRjlvT21SZkxYVk5SekpNV2tGcFVFVXdRMkV0WmpGNlMyYxAB,,5.0,"Tempat nya nyaman, pelayanan nya oke, makann juga cepett, tapi area depan nya sedikit rusak",2026-08-31T16:55:09
Ci9DQUlRQUNvZENodHljRjlvT2pnNWJHOXBkMXBETkdKdFRuTTVTVzFhZFZaUllVRRAB,,5.0,"Pelayanan bagus mantap, rasa nya enak",2026-08-31T16:55:09
Ci9DQUlRQUNvZENodHljRjlvT2taVVQxSnFjRFY0VFd4UGMyRktXVlJKU25sdWIxRRAB,,1.0,"pelayanan lama, udh nunggu 2jam lebih makanan blm di antar2",2026-08-31T16:55:09
Ci9DQUlRQUNvZENodHljRjlvT20xSWJsaGxkV2hUWms1c2QyVTFaVk5xUjFSaWVHYxAB,,5.0,"Makanannya enak, rasanya memuaskan sekali apalagi mie dan udang kejunya namun sedikit saran untuk es tehnya kurang manis overall enak sih sangat recomended",2026-08-31T16:55:09
Ci9DQUlRQUNvZENodHljRjlvT2xWa1puUmlWMjVMVjJoaFZFTlBUMHR2Vm5kWGJVRRAB,,1.0,"PELAYANAN SAMPAH, LAMA, BOBROK, MIC MATI BUKANNYA DIGANTI MALAH CENGENGESAN KARYAWANNYA, TOLONG DONG OMSET RESTORAN ANDA BANYAK, FASILITASNYA DITINGKATKAN LAGI, KASIAN LOH OJOL PADA NUNGGUIN DAN DICANCEL KARENA TERLALU LAMA!!!",2026-08-31T16:55:10
Ci9DQUlRQUNvZENodHljRjlvT2xkWFIyMTRZVU5sVTFBMlNtOXBUakJzWkROd1RHYxAB,,5.0,pelayanan semuanya ramah ramah banget cepat jugaa semuanya tempat nya bersih,2026-08-31T16:55:10
Ci9DQUlRQUNvZENodHljRjlvT2xkc1pqbHNiRGxoUWpWYU56TnJTMjlsUjJGdk5FRRAB,,1.0,Beli disini tanggal 29 November 2025 jam 22.00 wib pesan 1 dine in atau makan ditempat 1 lagi take away atau bungkus. Yang satu take away atau bungkus sudah jadi 22.30 wib dan yang dine in atau makan di tempat belum jadi sampe jam 23.00 …,2026-08-31T16:55:10
Ci9DQUlRQUNvZENodHljRjlvT2s0MGFTMUpMWFZwTFMxMWNYcHBUekpOWWtJemFtYxAB,,1.0,"harus nunggu 1 jam lebih buat makan dimsum nya doang , keren",2026-08-31T16:55:10
Ci9DQUlRQUNvZENodHljRjlvT2xGQlZtbzJVVlZZWVdwWmFWWXdaRzVSTlcxT2IxRRAB,,2.0,"Tunggu makanannya lama banget,minuman habis makanan belum datang",2026-08-31T16:55:10
Ci9DQUlRQUNvZENodHljRjlvT2pWWU5UQkJiRXhWYm5WNmNGaFFaREI0U0daTGNtYxAB,,3.0,"gada yg salah dari tempat nya. Gw cuma kesel aja sama tukang parkir nya, parkir bayar 2.000 tp gw minta disebrangin aja ga diladenin, sekali ngmng ga diladenin, dua kali ngomong gw dibentak emg gada attitude nya bgt tuh tukang parkir!! Kesel bangettt bkin males ke gacoan",2026-08-31T16:55:10
Ci9DQUlRQUNvZENodHljRjlvT25sTVpHVlhhRVpDZFhwdWNVb3hVazFFT1VobVRVRRAB,,5.0,Pelayanannya cepat🥰 orangnya ramah ramah juga …,2026-08-31T16:55:10
Ci9DQUlRQUNvZENodHljRjlvT25kR2NrZGtSMDFKZFRkclEwRmtZWEV3WVhBMVYyYxAB,,1.0,"Datang paling awal Pesen duluan dianterin paling akhir, gajelas yg baru dateng langsung dapet",2026-08-31T16:55:22
Ci9DQUlRQUNvZENodHljRjlvT20xWFVqWnBMVVpIZDNORWVrUk5jRFZrVFZGS1NGRRAB,,4.0,"Makanan enak, pelayan pada jutek ditanyain diem aja, kayaknya di crb harus nerapin wadah kardus buat take away seperti gerai di luar2 sana bukan sterofoam",2026-08-31T16:55:22
Ci9DQUlRQUNvZENodHljRjlvT201bWNHVmpWek5aZFZGNFdFZHNXVTVZVVdneVpHYxAB,,5.0,"Gacoan Tuparev, kalian bisa rayain birthday disini lho!! Bikin suasana makan mu jadi makin nyaman dan seru, yuk ke gacoan tuparev 🤗🤗 …",2026-08-31T16:55:22
Ci9DQUlRQUNvZENodHljRjlvT2swM2IwNUlWbkZEZGxvMlVHaEtXbTlQVUdsbE5rRRAB,,3.0,"Meja no 62 bau sampah, jadi tidak nyaman, difoto itu tampat sampah atau apa, ga paham, kasi buangan keatas atau tutup lbh rapat, atau perlu lbh sering dibersihkan",2026-08-31T16:55:22
Ci9DQUlRQUNvZENodHljRjlvT201cGVsRmhhWEZHYXpSemRVbE9VazVoY1VwS1NrRRAB,,4.0,pelayanannya baik ramah makanan cepet Dateng,2026-08-31T16:55:22
Ci9DQUlRQUNvZENodHljRjlvT2pBeFFtUldTbmt6UVdKd2NrMTBTMDluWmpSWVZWRRAB,,5.0,"Pelayanan nya ramah, mie nya enak, mas mas yang pake baju biru nya ganteng, ramah mau bantu",2026-08-31T16:55:22
Ci9DQUlRQUNvZENodHljRjlvT2tZeU1XOUxPVjgwWjJSU2NHYzVjbHBUZDI5bldGRRAB,,2.0,"Pesanan datangnya lama, mau cancel bingung udh bayar",2026-08-31T16:55:22
Ci9DQUlRQUNvZENodHljRjlvT25GcWJXOXRSbVJvYjFGb1FteGxSRnBEYVVaeU0wRRAB,,4.0,"pelayanan maksimal, rasanya juga oke, suasananya enak buat nyantai",2026-08-31T16:55:22
ChdDSUhNMG9nS0VJQ0FnSUNyMjRXWHZBRRAB,,4.0,"Awalnya saya kira ini cabang ke-3 di kawasan Cirebon. ini adalah cabang pertama dari yang awal nya di jalan tentara pelajar tepatnya samping grage mall sekarang pindah lokasi ke jalan tuparev depan spbu. dengan perubahan lebih besar dibandingkan sebelum nya • lahan parkiran lebih luas & terang • tempat duduk bagi penunggu takeaway & dine in lebih banyak Note : Anyways, lebih baik ambil takeaway jika tidak ingin menunggu lebih lama Semoga kedepannya mie gacoan lebih baik dalam mengelola pelayanan & SOP setiap karyawan.",2026-08-31T16:55:22
Ci9DQUlRQUNvZENodHljRjlvT25WV05sTmhPVzlHUVc4eE9GRm5RMEo1VVVkRmNrRRAB,,5.0,"Tempat nya bersih, nyaman dan pelayanan cukup ramah",2026-08-31T16:55:22
Ci9DQUlRQUNvZENodHljRjlvT2twaVEyY3pkVEZCWTBKR1dFdGFXV3BSTUdzd00zYxAB,,5.0,Nyaman tempat nya enak pelayanan nya ramah dan cepat,2026-08-31T16:55:34
Ci9DQUlRQUNvZENodHljRjlvT25SRFptWlljbUZhVEdoRFRWWXlkSEZUWWt3dFZIYxAB,,5.0,Plis buka di deket arjawinagun dong biar ga jauh² ke kota cirebon😭 …,2026-08-31T16:55:34
Ci9DQUlRQUNvZENodHljRjlvT2twVVowbFZURlV0WkVOalNuWlNhRlpXWkZoM1JHYxAB,,1.0,"Lama, panas, suruh nunggu buat mi doang sampe 1 setengah jam",2026-08-31T16:55:34
Ci9DQUlRQUNvZENodHljRjlvT2xWc01DMXNVbTV1ZUVadE1tdFpXVEJLVTJSRmNGRRAB,,4.0,"Antri terus,,, udh 2x take away asin trs",2026-08-31T16:55:34
Ci9DQUlRQUNvZENodHljRjlvT21SaFVHdE5UVXhMWkZoMmNWbEhZa1Z3VFRCcmFGRRAB,,5.0,Best banget pelayanan & makanannya 💯 …,2026-08-31T16:55:34
Ci9DQUlRQUNvZENodHljRjlvT2xKd05XVllZWGxQY2tOWmRFaHVNbHA0TjJKSk4yYxAB,,5.0,"dalam pemesanan menu nya sudah maju, jadi tidak perlu antri untuk memesan menu",2026-08-31T16:55:34
Ci9DQUlRQUNvZENodHljRjlvT201dlZGbDRPVlJpUmpCUlJubHJWV3N4V21kZlRXYxAB,,5.0,tempat nya bagus pelayanan nya puas pesanan cepat sampai👍 …,2026-08-31T16:55:34
Ci9DQUlRQUNvZENodHljRjlvT2sxdVptdDNPWFpJVG01ME5uaGtkMlJHU25kR2JGRRAB,,5.0,Makanan nya enak dan pelayanan nya cepat dan rama👍,2026-08-31T16:55:34
Ci9DQUlRQUNvZENodHljRjlvT21OTlRIcHBhR0ZMWWtSamVWQnVWMmRtWlVwZlJWRRAB,,3.0,"rasanya oke, namun yang harus lebih diperhatikan adalah efisiensi waktu. nunggu dari jam setengah 8 sampe jam 9 belum juga dapet. agak kecewa sih karena dateng jg udah dalam posisi laper banget.",2026-08-31T16:55:34
Ci9DQUlRQUNvZENodHljRjlvT2s1ZllWODJXbUZXV1U5aFdHeDZXR1JmYUhGemJGRRAB,,4.0,Alasan buat bisa keluAr makan,2026-08-31T16:55:34
Ci9DQUlRQUNvZENodHljRjlvT2pCcFVXbFNNa3hHYW1wemVGUnBOVFZ5VlZOS1MwRRAB,,5.0,"Pelayanannya baik ramah ramah banget, tempatnya nyaman🥰",2026-08-31T16:55:45
Ci9DQUlRQUNvZENodHljRjlvT2xGU1pHZHhiVE5XUlRjNVgxWlVOWEJVYzNVeVJGRRAB,,5.0,"suasana nyaman ga rameee, makanannya enakkk",2026-08-31T16:55:45
Ci9DQUlRQUNvZENodHljRjlvT2toRGQyUkxVMTlMY25VM09HcERPSFJ4Tmkxck5YYxAB,,5.0,Makanannya enak banget dan pelayanan nya cepat,2026-08-31T16:55:45
Ci9DQUlRQUNvZENodHljRjlvT25GaWNEQldSbUY0VUU5T2NuSjBWMjFKU0d4TFdtYxAB,,4.0,"packaging nya baru, tp saos dimsum skrng agak berbeda ya dr warna dan rasanya terlalu manis",2026-08-31T16:55:45
Ci9DQUlRQUNvZENodHljRjlvT205ZlVsOUhha1p5U25jNFdXMVdTMk5aTlVGTWNVRRAB,,5.0,Makanannya sangat recommended Layanan nyaa ramah dan cepat Suasana tempatnya nyaman dan adem,2026-08-31T16:55:45
Ci9DQUlRQUNvZENodHljRjlvT2tWdlJ6VjJaelZ5YzBZek9ERXpUVkpsUkd0NU4yYxAB,,5.0,Makanan nya enak,2026-08-31T16:55:45
Ci9DQUlRQUNvZENodHljRjlvT2s0d1IyTkxUR281TW5rME1HMXBWbDlaY1RCTkxWRRAB,,5.0,"tempat nya lumayan baik, pelayanan nya juga ramah dan mie nya juga enak banget",2026-08-31T16:55:45
Ci9DQUlRQUNvZENodHljRjlvT2toaVdEVmZSSFJKT1VkWlJGUnZhMWh6U1VWTU9XYxAB,,5.0,"pelayanan ramah, tekstur mie pas, rasa enak, tempat sangat nyaman",2026-08-31T16:55:45
ChZDSUhNMG9nS0VJQ0FnTURnOGJITkxREAE,,1.0,"Beli take away pesen lvl 2 malah dilayanan lvl 0 gaada cabe sama sekali hmmmmm, kecewa sih",2026-08-31T16:55:45
Ci9DQUlRQUNvZENodHljRjlvT2s0MWRHMHpTV2hZY1RaU2ExUlpiMkpsTVZJeVUyYxAB,,5.0,Mie nya enak! Udang kejunya jga enakk!!!,2026-08-31T16:55:45
Ci9DQUlRQUNvZENodHljRjlvT2xGeFJVZHNTa0prVW1kclgwNXdlSFI2ZEhoS1VHYxAB,,5.0,"Bilang ke gacoan, padahal gua masih bisa nunggu 3 jam lagi malah udah jadi 💔",2026-08-31T16:55:56
Ci9DQUlRQUNvZENodHljRjlvT2pCaVJHNXpUbEpSY25oWE0yOWFaek5oVVVob1lrRRAB,,5.0,"pelayanannya ramah dan cepat, tempat nyaman",2026-08-31T16:55:56
Ci9DQUlRQUNvZENodHljRjlvT2pac1dEbGplRVZGV25Gb1pXeGxTMUoxVDBoT2NVRRAB,,5.0,"aku selalu dine in kalo pesen dan sukak bgt krna kaka pegawainta nya juga ramah ramah banget, walopun rame dan harus antri itu masi worth it untuk harga yg standar murah meriah mengenyangkan.",2026-08-31T16:55:56
Ci9DQUlRQUNvZENodHljRjlvT2xsa01WTjFORWcwUVVNNWIxOUJUVFJMY0ZwTFZYYxAB,,5.0,tempatnya oke pelayanan ny ramah dan cepet,2026-08-31T16:55:56
ChZDSUhNMG9nS0VOcnJ6TEtBb01TaUdREAE,,5.0,Tempatnya enak. Tp kl dine in agak susah. Karena ngga banyak tempat.,2026-08-31T16:55:56
Ci9DQUlRQUNvZENodHljRjlvT2tOd2NHbHpaVmt5T0hBdGVXeGtkekJmVDBWTE1HYxAB,,5.0,Makanannya enak sangat worth it harganya terjangkau murah dan pelayanan nya juga baik ramah dan cepat juga❤️❤️,2026-08-31T16:55:56
Ci9DQUlRQUNvZENodHljRjlvT25oc1NYSmhlVU4yTVhOSVVHbEhWRlZzWlZKaE1sRRAB,,5.0,Tempat makan mie yang paling sering dikunjungi bersama teman teman.,2026-08-31T16:55:56
Ci9DQUlRQUNvZENodHljRjlvT21Gc00yWlpWRXAwWjBkTlIyOU1RVlZuVUV4M2RrRRAB,,3.0,"jujur enaq, tapi pangsitnya kadang kek tengik gitu kek rasa gosonk pdhl gx gosong👹",2026-08-31T16:55:56
Ci9DQUlRQUNvZENodHljRjlvT25CR2JHMTVUa295WDJGMmRtMWpVRE5YVXpjdFZIYxAB,,5.0,"pelayanan nya ramah, suasana nya nyaman pokonya best👍👍 …",2026-08-31T16:55:56
Ci9DQUlRQUNvZENodHljRjlvT21OS01VbG9SVlE0Vm1relZVZHpVakpNYmxKa1dVRRAB,,5.0,"Pelayanan cepat, tempat nyaman dan terkendali",2026-08-31T16:55:56
Ci9DQUlRQUNvZENodHljRjlvT2xOa1MwdHpVRkpqVDFZd1dsRktSMmRSWDBsNFZYYxAB,,5.0,"pelayanannya gercep dan seluruh krunya siap siagaa kalau minta tolongg dan makanannya enakk, favorit bangett kalau ke gacoan disinii krnaa level pedesnya bener benerr sesuai sama levelnyaa gak boongg🤩✨ …",2026-08-31T16:56:07
Ci9DQUlRQUNvZENodHljRjlvT21aV2VtOTBSemRRTjNOeVlrUXdTM1F0YmsxVFVsRRAB,,5.0,pelayanannya ramah and tempatnya lumayan luas bangett,2026-08-31T16:56:07
Ci9DQUlRQUNvZENodHljRjlvT2tSMmEydGxPVWR3YWtjdFkxOURSbTQ1ZUU4MWIwRRAB,,5.0,"Oke banget tempat nya, pelayanan oke higienis",2026-08-31T16:56:08
Ci9DQUlRQUNvZENodHljRjlvT25wUGVIUnpUbUZtYjNSNWJrVnRXVTVwZVRNNFEyYxAB,,5.0,enak bgt lebih enak daripada mie gacoan yg di pemuda,2026-08-31T16:56:08
Ci9DQUlRQUNvZENodHljRjlvT2s5clNUZzBlSHBIWVVwb1kzRk1RaTF0TURKRWEwRRAB,,5.0,"pelayanan nya cukup bagus, pelayanan nerima meja dan pesan scan tanpa antri sudah cukup memuaskan",2026-08-31T16:56:08
Ci9DQUlRQUNvZENodHljRjlvT2poT1RXcFBMWFZvZHpka1owbFZhRXhCWW5SdFQyYxAB,,5.0,"pelayan nya bagus banget, ramah, sopan, makanan nya top banget, aku suka kesini bolak bolik apalagi habis sekolah",2026-08-31T16:56:08
Ci9DQUlRQUNvZENodHljRjlvT2xKWk5sZDZMVE5GZG1SbFZ6VmlRbTVWV25vMWNsRRAB,,5.0,"Pelayanannya dangat ramah, makanannya terjangkau dan enak plus ngenyangin",2026-08-31T16:56:08
Ci9DQUlRQUNvZENodHljRjlvT2xNNGNVWXlORkowWmpaZlVuVmZlWFpLUkZSSE5YYxAB,,5.0,Rasanya enak pertahankan kwalitas dan kebersihan,2026-08-31T16:56:08
Ci9DQUlRQUNvZENodHljRjlvT21jdGVXOTFjRVl3WTAwdFZEZHpVSFV0VmpBdFpYYxAB,,5.0,pelayanannya sangat baik dan rasa mie nya enak,2026-08-31T16:56:08
Ci9DQUlRQUNvZENodHljRjlvT25ObWFVdzNXbDkwZW1wMGNVZzBaMDFEYmt3emFHYxAB,,5.0,Pelayanan disini bagus baik dan sopan dan makanannya enak semua,2026-08-31T16:56:08
Ci9DQUlRQUNvZENodHljRjlvT21vMWFXNW1URnB6TURCdlpXWk5SVWMwUXkxQlVVRRAB,,1.0,"Pelayanan nya jelek bangeetttt ga sopan, gilaa sih nunggu pesanan minum + udang keju aja sampe hampir 1 jam. Mie lebih dulu diantarkan tapi minuman 45 menit kemudian. Ga akan lagi² ke gacoan tuparev sorry ga akan kasih bintang",2026-08-31T16:56:19
Ci9DQUlRQUNvZENodHljRjlvT2sxUE16WjJXRXhWYzNOc2EyRlJiRWxZU0VJelZXYxAB,,5.0,"Overall Good, Makanan Enak, Tempat nyaman, Crew Ramah.",2026-08-31T16:56:19
Ci9DQUlRQUNvZENodHljRjlvT2tGelJtTm9XVXRMZWpGVVdYYzJjbk5UWW1RdGMyYxAB,,5.0,Makanan enak semua enaklah pokoknya😹😹 …,2026-08-31T16:56:19
Ci9DQUlRQUNvZENodHljRjlvT2xGZmVIZHVVMEY0ZDE4MFJWUlhYMWgzUVhnNU1WRRAB,,5.0,"pelayanannyaa baikk, makanannya enak enakkk!!!🤗❤️‍🔥❤️‍🔥",2026-08-31T16:56:19
Ci9DQUlRQUNvZENodHljRjlvT2tGWFZXcEVYMnRCTVV0UFZ5MXVVVGRCWTBGTFZHYxAB,,5.0,Tempat bersih. Aman. Nyaman. Semua nya enak,2026-08-31T16:56:19
Ci9DQUlRQUNvZENodHljRjlvT25wclFrNTVORmxxUTFSRVNqVlVOMG93VG1KSVkwRRAB,,1.0,"Lama bet Pesen dari jam 7 gadatang"" Ampe jam set 9 huh",2026-08-31T16:56:19
Ci9DQUlRQUNvZENodHljRjlvT25GSlUxZHVkV05rTUhaTk4xSk9aVnBNU1VabFduYxAB,,5.0,"pelayanannya memuaskan, karyawan ramah, makanan enak",2026-08-31T16:56:19
Ci9DQUlRQUNvZENodHljRjlvT25CSGMxQlBlRTVQTjBGYVFVcFZhakZEYlhsS1EyYxAB,,5.0,"Makanan enak,harga ekonomis. Pelayanan memuaskan dan suasananya bagus bgt,cocok buat foto².",2026-08-31T16:56:19
Ci9DQUlRQUNvZENodHljRjlvT21ReVdHcFdSM1ZPVkVoc1FsTmFRMWx3YzNObkxWRRAB,,4.0,pelayanannya ramah dan baik suasananya nyaman,2026-08-31T16:56:19
ChZDSUhNMG9nS0VJQ0FnTUNROUk2bFpREAE,,5.0,Buka puasa hari kedua disini 🩷🩵🩶2 maret 2025 18:01 …,2026-08-31T16:56:19
Ci9DQUlRQUNvZENodHljRjlvT25GdlQxTm5WMWxSTlcxMldGbE9aakI1Y0RGM2IyYxAB,,5.0,Enak murah worth it sama makanannya👌✨ …,2026-08-31T16:56:31
Ci9DQUlRQUNvZENodHljRjlvT210amN6Vk1SMDg0TTBOcFJUazRORTVxVUV0NmRHYxAB,,5.0,"pelayanannya ramah, gacoan enakk, tempat nya nyamann",2026-08-31T16:56:31
Ci9DQUlRQUNvZENodHljRjlvT2tOdVdIbFhVRVZYTVd0TVUwNXZjSHBWUTFFelZXYxAB,,5.0,saya sukaa karena karena hargaa makan terjangkau dan peyalanan ramah.,2026-08-31T16:56:31
ChZDSUhNMG9nS0VJQ0FnTUNvaDRiYURREAE,,1.0,pesan mie gacoan bikin troma ngantri 1jam lebih gax dapat harus di kaji ulang cara pelayanan ya..,2026-08-31T16:56:31
Ci9DQUlRQUNvZENodHljRjlvT2xaMU1YVkliRGhXY0dSZmJFbFBTM0pyUTFabmJFRRAB,,5.0,"Mantappp, enak makannya. Tempatnya nyaman",2026-08-31T16:56:31
Ci9DQUlRQUNvZENodHljRjlvT2tGMFEwUkdaMVIwT1ZocGNYSXdhSFV3TUdWV2NFRRAB,,5.0,"Rasanya enak dibanding gacoan lain, namun pelayanan pada awal masuk masih membingungkan",2026-08-31T16:56:31
Ci9DQUlRQUNvZENodHljRjlvT2xJemNHUlhTbTlFYWtOalJsWXpkVzkwTjBWSlozYxAB,,2.0,"Take away gacoan level 3,pas sampai rumah gada pedes sama sekali bahkan biji cabe pun gaada",2026-08-31T16:56:31
Ci9DQUlRQUNvZENodHljRjlvT2paQ05sSkpNa2xFV2s1WWQzbzFSVk0xVW5Kb1ZIYxAB,,5.0,Makanannya enak dan pelayanannya cepat,2026-08-31T16:56:31
ChdDSUhNMG9nS0VJQ0FnSURYNmV5XzdBRRAB,,5.0,Makanan nya lezatt banget pas banget loh pelayanan jga ramahh harga nya pas,2026-08-31T16:56:31
Ci9DQUlRQUNvZENodHljRjlvT2xwbk9GaFlPRmxTVkhaWU5XbFRjVEJXWkZnNGVFRRAB,,5.0,"Pelayanan bagus, makanannya enak, dimsum hangat",2026-08-31T16:56:31
Ci9DQUlRQUNvZENodHljRjlvT21kbU9GZHJaRWhoTlVSdk9UTjZVVkUxWjBscVNFRRAB,,5.0,enak banget seru gacor deh tempat nya oke bersih,2026-08-31T16:56:41
Ci9DQUlRQUNvZENodHljRjlvT21wU04yeGhXRlJ2WHpaTVVqQmZhbGhxV1RNMmFGRRAB,,5.0,"Pelayanan nya terbaik sih menurut saya, orang nya ramah ramah",2026-08-31T16:56:41
Ci9DQUlRQUNvZENodHljRjlvT21aMWFVcFlOblpTWjNvME5YRXpTMlJxY0dWUVVHYxAB,,3.0,"kak tolong dong, kalau lagi rame jangan asal mateng aja😔 udah nunggu lama mie masih keras rasanya hambar ga kaya biasanya. pesanan orang antrian belakang udah jadi yang kita belum :))) semoga jadi bahan evaluasi gacoan kedepannya yaa thnk uu",2026-08-31T16:56:41
Ci9DQUlRQUNvZENodHljRjlvT21oU1RXaDNNRTV6YjFWcU5VcFhMWHBCVTFweFZGRRAB,,5.0,"Cepet pelayanannya👍🏼, cuman kadang tingkat pedesnya agak labil. …",2026-08-31T16:56:41
Ci9DQUlRQUNvZENodHljRjlvT25reVkxTjBUSEU1YlVRMVIyMWlUREJ0VlhWT04xRRAB,,5.0,Mie nya enak dan pelayanannya juga cepat dan ramah👍 …,2026-08-31T16:56:41
Ci9DQUlRQUNvZENodHljRjlvT21FeWFHUjBZME4yVW5Fd09ISk5ZM1ZUWm5SMFJuYxAB,,4.0,Sama seperti mie gacoan lainnya. Hanya di sini sebelah toko ritel yang juga padat. Lokasi berada di titik padatnya lalu lintas.,2026-08-31T16:56:41
Ci9DQUlRQUNvZENodHljRjlvT2pkRGRtSkxka1UwUzNaaWVUQlZaMkU1TXpKUVdXYxAB,,5.0,Pelayanannya cepat kalau gak rame👍🏻 …,2026-08-31T16:56:41
Ci9DQUlRQUNvZENodHljRjlvT25SdmNuSnZkbkJOYW14UlVubDBPVXg2VTBsZlpIYxAB,,5.0,sangat nikmat dan juga pelayanan yang sangat ramah,2026-08-31T16:56:41
Ci9DQUlRQUNvZENodHljRjlvT2t0WWVVTkdkbEpmVldkelFTMUVPRlZPTVhoUFZtYxAB,,5.0,"Sering mampir kesini, Makan dan harganya sesuai, cocok dengan keluarga",2026-08-31T16:56:41
Ci9DQUlRQUNvZENodHljRjlvT21GclRYbExPVTl6Vm5jeFRUVjNOaTFRT0dWalZFRRAB,,5.0,"baguss, tempatnya nyaman pelayanannya bagus",2026-08-31T16:56:41
ChdDSUhNMG9nS0VJQ0FnTURvbHFPTHVBRRAB,,5.0,"tempat nyaman, pelayanan oke, makanannya enakkk",2026-08-31T16:56:41
Ci9DQUlRQUNvZENodHljRjlvT25SNWJsTk9kMDVXZEdSWUxXZ3RlVkU0TURSblpXYxAB,,5.0,"Suasana nya yg enak dan nyaman, pelayanan nya sangat baik,dan makanan nya cukup enak",2026-08-31T16:56:41
Ci9DQUlRQUNvZENodHljRjlvT25KWU1rdEJVVU54VWsxc1FrTnNZamsyUVcxWVQxRRAB,,5.0,"Pelayanan dan makanannya rekomended untuk semua kalangan, terutama gen z. Pelayanan dan tempatnya cozy abiess..",2026-08-31T16:56:41
Ci9DQUlRQUNvZENodHljRjlvT2pWRVRUQnpVV1pRVGtwM1ptbHBTRFZVTURaNmIzYxAB,,5.0,"Pelayanan nya super ramah banget, satset engga nunggu lama okelah mantap",2026-08-31T16:56:41
Ci9DQUlRQUNvZENodHljRjlvT20wMFFtWkxNbHA1TTNKU1puTlJhRmc0Y1ZOR1pIYxAB,,4.0,Layanan nya baik tapi sedikit lama kalo suasana nya enak,2026-08-31T16:56:41
Ci9DQUlRQUNvZENodHljRjlvT25wb1NVNUhhbFJxUkdwcE1WRkpTRlJLU0RCZlZsRRAB,,1.0,"pesen lvl 1 tp ky lvl 3 rasanya, trus juga crewnya ga sopan ngomongin customer didepan mata, tolong untuk diperbaiki lagi ya pelayanannya",2026-08-31T16:56:41
Ci9DQUlRQUNvZENodHljRjlvT2sweVJIUmhhMkpYVGtjMlgwTXhiR2huUkVORWNsRRAB,,5.0,"pelayanannya ramah, makananya juga enak",2026-08-31T16:56:41
Ci9DQUlRQUNvZENodHljRjlvT2taQlpsWlRMV2cyYVRSaFprVmpkRVI1T1V3NVFYYxAB,,5.0,Pelayanannya sangat baik dan makanan minumannya cepat dihidangkan,2026-08-31T16:56:41
Ci9DQUlRQUNvZENodHljRjlvT21GNmRVeFJkM0ZWTVVaV2NGbFJaMlE1U2tKRGEzYxAB,,5.0,"pelayanan cepat, parkir luas, tempat bersih pegawainya ramah",2026-08-31T16:56:41
Ci9DQUlRQUNvZENodHljRjlvT2xjME5tSXpjbmREU2s4M04wNTJXRXBuWjJaVlZIYxAB,,5.0,Keren bg aku pesanannya cepat karena ada ordal aku kenyang keren gacoan sehat selalu prabowo dan purbaya,2026-08-31T16:56:41
Ci9DQUlRQUNvZENodHljRjlvT2xkMmFqUk5iRGw2VGxaVVdHZE5OM0l3Y0ZoTVJYYxAB,,1.0,"Tolong diperhatikan cari penjaga parkir MOTOR nya lebih baik lagi jangan kayak preman ngesok gaya nya gak ada kata maaf, gak makasih nya sama sekali. Makanan udah enak tapi dibikin kesel sama tukang parkir nya doang. Orang nya tinggi pake kacamata pake topi.",2026-08-31T16:56:52
Ci9DQUlRQUNvZENodHljRjlvT2paZmVtVktYMEZsYjBWeU1rWjFjSHBKYmw5Q01XYxAB,,5.0,"Pelayanan baik, recomended untuk family time atau bersama teman2 -colokan ka plis banget ini mah yach tambahin colokan plic yash qaqa..",2026-08-31T16:56:52
Ci9DQUlRQUNvZENodHljRjlvT2pVeVdFOHhORVZXUld0S01rSmtPVGxmVW1OclRWRRAB,,5.0,"Pelayanannya ramah, makanannya cepat sampai, higienis, dan makanananya enak bgt. Favorit bgt si emang🤩",2026-08-31T16:56:52
Ci9DQUlRQUNvZENodHljRjlvT2tSd1RYaFBPVk4zVkdOU1dXdExablIxTnpsRGJXYxAB,,5.0,"pelayan nya ramah, pelayanan nya cepet, dan tempat bersih pokok nya kalian harus coba!!!!!!",2026-08-31T16:56:52
Ci9DQUlRQUNvZENodHljRjlvT2xvME1qZDBhelpDUzE5b05XRTBUVlZ1WDBOVlFWRRAB,,5.0,"Rasa mienya enak tapi terlalu manis hehe, level 1 sudah terasa pedas nya , untuk pangsit nya renyah dan gurih, minuman nya okee Cocok banget buat mengisi lapar disore hari ini 😄😄",2026-08-31T16:56:52
Ci9DQUlRQUNvZENodHljRjlvT2xCb1FUZE1hekJTZG1SbU1qQjZUbE13TkZWMVZFRRAB,,5.0,"suasana nyaman, tempat bersih dan pelayanan ramah",2026-08-31T16:56:52
Ci9DQUlRQUNvZENodHljRjlvT21ab2NVZHljRXhYZWsxSFlrTnhiMTlPZVRWVlVWRRAB,,5.0,Selama makan gacoan disini selalu mendapatkan pelayanan yang cepat,2026-08-31T16:56:52
Ci9DQUlRQUNvZENodHljRjlvT2xrNGRGVXlZakV6VjIxNE1GbHdSV28yU1U5UFkzYxAB,,5.0,"Untuk pelayanan ramah , baik murah senyum tempatnya bersih enak buat nongkrong .",2026-08-31T16:56:52
Ci9DQUlRQUNvZENodHljRjlvT2xjMFdsOURhRmhxVWtwU01IWnBNazF5UjFSSE1sRRAB,,5.0,"Pelayanannya ramah, mie nya juga enak",2026-08-31T16:56:52
Ci9DQUlRQUNvZENodHljRjlvT2xkRmFtZElTV05LWmpoeFF6ZHBaRjgzTm13d1VuYxAB,,1.0,"pesen gacoan di take away nunggu sampe 1 jam engga dipanggil panggil , liat di sekeliling yg pd ngantri bareng dikasir sudah tdk ada ,",2026-08-31T16:56:52
Ci9DQUlRQUNvZENodHljRjlvT21rMGNGYzBYMEpSWm1ocE1raHdaeTEyWWxZelVuYxAB,,1.0,"lama banget pelayanan nya, ga teratur. nunggu dimsum dari mie dateng lama bngt 1 jaman, asliii guee uda laper banget inii …",2026-08-31T16:56:52
Ci9DQUlRQUNvZENodHljRjlvT21NMFEwaEZVM2N4Tm1SdlNXTmhkMWxGYjFSb1YzYxAB,,5.0,Mie Gazoan tuparev Pelayanan karyawan nya rama 🙏 …,2026-08-31T16:56:52
Ci9DQUlRQUNvZENodHljRjlvT210ZlQyUnlaR2RuVVhkMmExRm9XbWhuYTJwNk0zYxAB,,1.0,"punten pelayanan kurang, kalo emang niatnya mau closingan jangan nerima konsumen, kita lagi enak"" makan malam dimatiin lampunya, tolong diperbaiki jangan modal sinis, kita niatnya makan bukan minta""",2026-08-31T16:56:52
Ci9DQUlRQUNvZENodHljRjlvT2xFMmQyTjFZelJDUkc5blNISkxhazkxUW5SbVVsRRAB,,5.0,"Pelayanannya bagus, petugasnya ramah-ramah",2026-08-31T16:56:53
ChZDSUhNMG9nS0VJQ0FnSUMzdzVQZ1lBEAE,,1.0,"Barusan beli mie gacoan lvl 1 malah dikasih lvl 3 , ditulisnya bner lvl 1 malah pedes kaya lvl 3,udah td hampir ga dikasih sumpit lagi",2026-08-31T16:56:53
Ci9DQUlRQUNvZENodHljRjlvT2psRFRrdEVURzkzWWpSWlJsQk9SMnBhV0hjeldtYxAB,,5.0,"enak banget mie nya untuk pelayanan nya baik cepat ramah, untuk tempat nya luas",2026-08-31T16:56:53
Ci9DQUlRQUNvZENodHljRjlvT2xkcmJVbFZRMlV6TFhkeU9XUlBUeloyUW00M2JIYxAB,,5.0,pelayanan dan tempatnya okee pelayannya ramah jugaa,2026-08-31T16:56:53
Ci9DQUlRQUNvZENodHljRjlvT21kU2NteDJYMWMzUW1GYVZVWjJSVzB3UTJka09HYxAB,,4.0,"Beberapa kali makan disini rasanya kurang konsisten, kadang enak kadang kurang.",2026-08-31T16:56:53
Ci9DQUlRQUNvZENodHljRjlvT2xsZmNuUk9hakowZFRGaVRWVnhaVE4xTTBaRlRHYxAB,,5.0,pelayan nya sangat ramah,2026-08-31T16:56:53
ChZDSUhNMG9nS0VJQ0FnTURRXzc2NEdBEAE,,4.0,Kalo ke sini ga pernah aja ga ngantri tapi sesuai dengan rasanya,2026-08-31T16:56:53
Ci9DQUlRQUNvZENodHljRjlvT20wNGVtYzJaMWMzTTJGRE9EaFFaMHQ0Vm1obVVuYxAB,,5.0,"pelayanan nya mantul banget gaiss, top markotop dan makanan nya juga enak banget 😳 …",2026-08-31T16:57:07
Ci9DQUlRQUNvZENodHljRjlvT21aeFJXOVBiWFV5VFhaYU0yaGZVSGN3UTBsMFpsRRAB,,2.0,nunggu udah 1 jam setengah sendiri pesanan take away udah keduluan berapa kali jelek,2026-08-31T16:57:07
Ci9DQUlRQUNvZENodHljRjlvT2pWSVVFOWhaMFZPUW05MWFFWTFSMlYyVXpBMFZHYxAB,,3.0,"Sy pesen mie gacoan Level 0 buat adik sy tpi dimienya ada cabenya seharusnya kan ga pedes tpi ini knp pedes dan sy juga pesen mie gacoan level 2 tpii pedes bngtt kaya level 6. Tolong diperhatikan kembali kak untuk pesanannya jgn smpe salah, terimakasih 🙏🏻 …",2026-08-31T16:57:07
Ci9DQUlRQUNvZENodHljRjlvT25GUllWbHBkMnR3YTA5aWNteFFWazloZFc1bldWRRAB,,5.0,tempat nya bersih karyawan nya ramah,2026-08-31T16:57:07
Ci9DQUlRQUNvZENodHljRjlvT2pac1ptMWphRGRvT0hKcmFEQnBXRnBsVVRnMVVFRRAB,,5.0,"Ramaahhh bangettt pelayanannnnyaa, nyamannn!!",2026-08-31T16:57:07
Ci9DQUlRQUNvZENodHljRjlvT2pOa09DMW9kSGRhVFhGdk9HRm1WazFSV1RKRFRYYxAB,,3.0,Ke 4 x nya kesini terasa hambar rasa mienya👎,2026-08-31T16:57:07
Ci9DQUlRQUNvZENodHljRjlvT2paamQyRmpWMDAxVW5CdloyTnJaMEl3WVRZMVdXYxAB,,1.0,"Tolong donk di percepat msaknya msa psen mie gacoan 4 ajh smpai 1 jam lebih,trus diusahakan minum itu bareng sma mie nya,jgn minum dlu udh meleleh baru mie nya dtang,bkin kapok ajh nih ,smpai2 plnggan pda emosi",2026-08-31T16:57:07
Ci9DQUlRQUNvZENodHljRjlvT2pGTVFWcG5URTVPTlRKWFFXUjNTMDFVU1VWM09FRRAB,,5.0,"Pelayanannya cepat , ramah dan mienyaa palinggg endulllll❤️",2026-08-31T16:57:07
Ci9DQUlRQUNvZENodHljRjlvT2twWGVsY3RkRzA1YzA0dGRGUlZZVTh0Vld4elJFRRAB,,5.0,pelayanan yang sangat ramah dan penanganan makanan dan minuman tidak harus menunggu lama,2026-08-31T16:57:07
Ci9DQUlRQUNvZENodHljRjlvT21GamFHbzBiemh2YzFoS1VraElZbkl6UnpOamRsRRAB,,5.0,pelayanan nya bagus bgtt mantepp dehh,2026-08-31T16:57:07
Ci9DQUlRQUNvZENodHljRjlvT2s1V2R6RkpRa2RZTmkxc1ZuWkZZelJLVW10TlNtYxAB,,1.0,"Pesen 2, beda level, yang 1 level 4 yang 1 level 2, cara bedain nya gimana? Ini terlihat sepele tapi sangat penting. Minimal di kasih tanda/di tulis supaya yg pesen ga bingung.",2026-08-31T16:57:07
Ci9DQUlRQUNvZENodHljRjlvT2twV2RYVk1iMUZqTmpWb1oyMVpRMVJQTWxObmFXYxAB,,1.0,"udah mau habis belum ada minum, pelayanan lelett, lemott",2026-08-31T16:57:07
Ci9DQUlRQUNvZENodHljRjlvT25wZmVEWXpjRkk0TlhsVUxYUlJURGN0YUc5TFlVRRAB,,3.0,Meja tidak di lap. Harus komplain dulu baru di lap,2026-08-31T16:57:07
Ci9DQUlRQUNvZENodHljRjlvT25GWVlWaFlXRWRmU2psSVNUSjRha0owY1VGVlIyYxAB,,5.0,"sangat enak dan menyerap kan, rasa lebih pedes dari pada yang di bepas, esteh pas tidak terlalu manis",2026-08-31T16:57:07
Ci9DQUlRQUNvZENodHljRjlvT2tOUWRIRnhUbTkwVURCclZ6TlllVEU0VWtnd1dsRRAB,,5.0,"Sering pesen online disini, seperti biasa gak mengecewakan",2026-08-31T16:57:07
Ci9DQUlRQUNvZENodHljRjlvT2xsTk5FWnFZVzEzUW10MGJWSlZSM05CTVc5S1dsRRAB,,1.0,Pesenannya yg dianter salah tapi ga bisa diganti,2026-08-31T16:57:07
Ci9DQUlRQUNvZENodHljRjlvT2tzMVNqUmxMWGxUVTNGRVNXTm1UbFZFWkdkd1FsRRAB,,5.0,"mie nya enaaaak, pelayanan nya okeee betul enih bos! ayo mampir kesini! =]]",2026-08-31T16:57:07
Ci9DQUlRQUNvZENodHljRjlvT2t3MmRubG5ZWGgwUTBaeFMwNXdNMVJmU0ZoYVExRRAB,,5.0,"makananan nya enak cocok di lidah saya, pelayanan yg cepat",2026-08-31T16:57:07
Ci9DQUlRQUNvZENodHljRjlvT2tsTVJuVmFiWEl3WVVkMWVGSXRiRWQ2UW1Wb1pGRRAB,,5.0,Pelayanannya sangat memuaskan rasanya juga enak,2026-08-31T16:57:07
Ci9DQUlRQUNvZENodHljRjlvT201TVlrNWxSMnROZG5GNU1IWnhTWEZJVEc1eWNtYxAB,,5.0,Antreannya lumayan panjang,2026-08-31T16:57:07
Ci9DQUlRQUNvZENodHljRjlvT2xwcFVWUnFWMmhHVERsRldXMW5XWFJ4UW5vd2FWRRAB,,1.0,3 orderan ajh sampe 35 menit lebih blm jadi,2026-08-31T16:57:21
Ci9DQUlRQUNvZENodHljRjlvT25wQmNGVnBjSHB5TjFsYVExVkJjako1Y21scmRWRRAB,,5.0,pelayanannya sangat baik masakanya enak,2026-08-31T16:57:22
Ci9DQUlRQUNvZENodHljRjlvT2tWT2NrRmxWbUpCTTNvelRuaHlMVGR6WW1wa1VsRRAB,,5.0,"Tempatnya nyaman, pelayanannya ramah makanannya enak sekaliii",2026-08-31T16:57:22
Ci9DQUlRQUNvZENodHljRjlvT21KSlFWQk1XbDlmVEVreGJVNUZiM2Q0Wld4RFVGRRAB,,5.0,"Mie nya enak, pelayanan memuaskan",2026-08-31T16:57:22
Ci9DQUlRQUNvZENodHljRjlvT2xsVWQzbE9kV3BzYUVzNVZHVkVURE42TFhwVWRsRRAB,,5.0,"Pelayanan ramah dan makanannya masih bisa untuk kaum mendang mending, mantapp sih",2026-08-31T16:57:22
Ci9DQUlRQUNvZENodHljRjlvT25kdWJVOVpabUZvTjJ4WWNEbHVjWEJxVEY5a09HYxAB,,5.0,"Pelayanan nya oke banget, sekarang sudah pakai QR jadi lebih praktis🥰",2026-08-31T16:57:22
Ci9DQUlRQUNvZENodHljRjlvT25jMlFrNWxVakZqWmtkSGJreDRkVTVrZVZaZlZuYxAB,,4.0,Pas banget lagi hujan kelaperan pengen makan yg pedes enak di gacoan aja,2026-08-31T16:57:22
Ci9DQUlRQUNvZENodHljRjlvT2psaFEwbHBlbUpSTUUweFZrODJka3BJVW1OZlJXYxAB,,4.0,"nyaman ,pelayanannya oke ,lumayan bingung si cara mesenya melalui barcode karna baru pertama kali si ya 😅",2026-08-31T16:57:22
Ci9DQUlRQUNvZENodHljRjlvT2xOUGVVeENaakJ2UmsxalNHNW9MWGg0UVdScVMzYxAB,,5.0,"Pelayanan ramah, tempat nyaman",2026-08-31T16:57:22
Ci9DQUlRQUNvZENodHljRjlvT201eWFrNDRUbXBEWXpOeVN6QjNXRmxMTld0aWVWRRAB,,5.0,"Mie gacoan selalu ramai,, pelayanan selalu cepat,, Parkiran luas,,menyediakan meja Dine in yang banyak sehingga bisa melayani bnyk pengunjung yang ingin makan di restoran",2026-08-31T16:57:22
ChZDSUhNMG9nS0VJQ0FnSUNIMjVUTGNBEAE,,1.0,"udah di kasih nomer kursi,tapi pas mau dduk belum di bersihin bekas makanannya",2026-08-31T16:57:22
Ci9DQUlRQUNvZENodHljRjlvT25wUlJsRllhWE5mTUdGV2FYZHZSM0JEUlhkdGJXYxAB,,5.0,"Tukang parkirnya di kasih segitu malah ngomong diskon tah mas,kagak ada ucapan makasih bersyukurnya",2026-08-31T16:57:22
Ci9DQUlRQUNvZENodHljRjlvT201dFV6QmZWVFUwYjBwcGJUaDJTSE55VmpoNmFHYxAB,,5.0,"tempat nya nyaman,pedesnya pass,oke banget dehh👍🏼👍🏼👍🏼👍🏼👍🏼👍🏼👍🏼👍🏼 …",2026-08-31T16:57:22
Ci9DQUlRQUNvZENodHljRjlvT25KM1YyNVJTbTVEZFRCQ05VdHpVbUphT0VsdlNIYxAB,,5.0,"asik sih pelayanannya simpel ga lama nunggunya, pokoknya terbaik dah",2026-08-31T16:57:22
Ci9DQUlRQUNvZENodHljRjlvT25GRExWRjZWblV0ZDBneFF6UnpYMnBWWDJSMmNHYxAB,,3.0,"Tolong banget untuk staff nya di briefing lagi untuk pake deodoran yaa, karna ini kan tempat makan jadi kurang enak aja kalo kecium ada bau ketek hehe. Maaf sekali lagi, tapi ini demi kebaikan bersama🫶🏻💞 …",2026-08-31T16:57:22
ChZDSUhNMG9nS0VJQ0FnSUNYdl9EN0x3EAE,,5.0,Harganya murceee 🥰 makananya enak enak 🤤 minuman yg bervariasi mantepp 🥰 …,2026-08-31T16:57:22
Ci9DQUlRQUNvZENodHljRjlvT2pCUGJWSXhUVU5ZU2xBMGFtbEhkM0JUVkd0RlUwRRAB,,1.0,"Sistem dine in yg kacau, costumer antri dulu setelah lama antri petugasnya datang menanyakan harus dpt nmr meja dulu baru antri, lucunya pembagian nmr meja tidak di bagikan sesuai dngan barisan/berutan/dari depan kebelakang tp acak siapa yg …",2026-08-31T16:57:22
ChZDSUhNMG9nS0VJQ0FnSUNyZzlMZVFBEAE,,1.0,Pedes beud Ngab Ngab Padahal lv1 Sampe ga kemakan gini Hadeuh Capeg Ga lagi lagi yang mau pesen lv 1 mendingan ga ush pake lv lv an Semoga spv nya baca Amen,2026-08-31T16:57:22
Ci9DQUlRQUNvZENodHljRjlvT2pKMmVVZGFjVEEyWHpaZlZ6RnpiVzB0UTJkRVZXYxAB,,5.0,pelayanan nya sangat memuaskan murah dan makanann nya sangat enak,2026-08-31T16:57:22
Ci9DQUlRQUNvZENodHljRjlvT25KVFoyOVFSMkZTWDFoemRWVTVPRkZRYWtsWFJYYxAB,,5.0,Makanan dan minuman nya enak serta pelayanannya cepat dan ramah,2026-08-31T16:57:22
Ci9DQUlRQUNvZENodHljRjlvT2w5dGFHeHVORVZNZVdsTmFEaG5OVmhpYm05WmMyYxAB,,1.0,parah bngt kita hars nya dipanggil dluan malahan dskip sm orang lain yang baru datang layanan bintang satu bgt si kata aku mah padahal sdh menunggu lama,2026-08-31T16:57:41
Ci9DQUlRQUNvZENodHljRjlvT2xkU2N6WjZWMnhxVWs5dmNIZDBabHBxWVVkTE5uYxAB,,5.0,"pelayannya ramah, makannya enak",2026-08-31T16:57:41
Ci9DQUlRQUNvZENodHljRjlvT2tJeVJqaDZjWFIzWW1ocWNIbDRaMHRTV1dVeGRuYxAB,,5.0,tempat nya baik dan makanan nya enak enak,2026-08-31T16:57:41
Ci9DQUlRQUNvZENodHljRjlvT2tONFpVMHdSbWc0WVdsQ2FreGtjUzB0YTFGc2FYYxAB,,1.0,Saya yang pesan duluan masa orang yang baru dateng duluan yang dapet minum makanannya tempatnya juga kurang rada kotor banyak tumpahan es ga di langsung pel apalagi yang ambilin piring di meja lama banget beresinnya masa ambilin piring kotor harus ada orang yg mau makannya dulu,2026-08-31T16:57:42
Ci9DQUlRQUNvZENodHljRjlvT25aWlRHdFRiRVJ0YzJSMmQwcHhSME00VDI5TVZrRRAB,,5.0,"Makanannya enak2 , fasilitas lengkap , nyaman untuk kluarga atau pasangan",2026-08-31T16:57:42
Ci9DQUlRQUNvZENodHljRjlvT25neU9HOXNUWGg1TFVSNVEyUkdVMGxoZVRsWGVGRRAB,,5.0,Pelayanan nya cepat dan ramah☺️,2026-08-31T16:57:42
Ci9DQUlRQUNvZENodHljRjlvT2pOWlRUY3plVWhhU1RWMFVtOWpOSFJmY0VadGJIYxAB,,5.0,Makanan enak2 dan minumannya serba unik namanya,2026-08-31T16:57:42
Ci9DQUlRQUNvZENodHljRjlvT25WVWFtTjZkRFoyU3pCVFQxbDNTMFZwVFhGalpWRRAB,,5.0,"For the first time coba dine in, selama ini dengar dr berita saja konon ramai. Ternyata MasyaAllah Ramai sekali weekday & weekend. Waiting list, tp pengaturanya lumayan bagus ada kursi kusus waiting list sehingga tidak capek berdiri. …",2026-08-31T16:57:42
Ci9DQUlRQUNvZENodHljRjlvT21oRVNFOXBTbWgwYmt4dFh6UjVOekV6YlRBNVVHYxAB,,5.0,"Makanan nya enak sekali, pelayanannya sangat ramah dan baik, suasana sejuk dan menyegarkan",2026-08-31T16:57:42
ChZDSUhNMG9nS0VJQ0FnTURJcEppWld3EAE,,2.0,"Mohon maaf SOP kerjanya emang ga seprofesional itu ya? Gak sat set, antri luama pooolll, yg anter²in mie nya slowmotion banget banget banget. Kalo diliat² karyawannya banyak yg ngobrol, bahkan telponan. Padahal yg …",2026-08-31T16:57:42
Ci9DQUlRQUNvZENodHljRjlvT2xkQ05tcFBRMXBzYWt0Vk9UWlpMV3RtUTBVNGFuYxAB,,5.0,Makanan nya enak banget,2026-08-31T16:57:59
Ci9DQUlRQUNvZENodHljRjlvT2xwbE9Yb3ROWGRQUzFCWVlrOXFRM1p4U2pCSU1FRRAB,,5.0,"Pelayanan cepat, apalah si sekarang udah bisa pesan lewat barcode. Bintang 5 deh pokoknya",2026-08-31T16:57:59
Ci9DQUlRQUNvZENodHljRjlvT21OV1dUVnFlR3RST1djMVdpMXRVR0ZRTURCSWNXYxAB,,5.0,"Makanan enak, pas sesuai porsi, pelayan juga cepat",2026-08-31T16:57:59
Ci9DQUlRQUNvZENodHljRjlvT25wM1VVRnVZMlExYmpaMGJGZDRUMVpUUWtkamRrRRAB,,5.0,"tempatnya bersih, pelayanannya nyaman, ramah dan bagus",2026-08-31T16:57:59
Ci9DQUlRQUNvZENodHljRjlvT2tocUxXcDRlVFp4UjFkQlgwTlBWMlpIWnpkV04xRRAB,,5.0,"Makanan sangat enak, tempat nya sangat nyaman, bikin pw",2026-08-31T16:57:59
Ci9DQUlRQUNvZENodHljRjlvT2t4WlkyMTZOakp3VEhKUFIxSTRRMk0zT1ZoTVQwRRAB,,1.0,"UNTUK PIHAK MANAJEMEN, TOLONG PETUGAS PARKIR DI TERTIBKAN, TERUTAMA MOBIL, MOBIL SAYA TIDAK BISA KELUAR & MENUNGGU PEMILIK MAKAN",2026-08-31T16:57:59
Ci9DQUlRQUNvZENodHljRjlvT2pGak1EUnVjRUpMU0dSTGNFMDFPREZCYlc1ek9XYxAB,,4.0,Tolong banget ini mah Pelayanan nya Kalo kasih nomor Dipastikan Sudah ada meja dan Kursi lah ini Nomor d meja gada Trs kursi juga gaada Tepat hari ini jam 12- Pdahal udh sering banget tapi pelayanan nya pliss,2026-08-31T16:57:59
Ci9DQUlRQUNvZENodHljRjlvT2pnMlRVWTRVMFZ1WlZsTGVWTmtUM0JxTW5keFRHYxAB,,5.0,"suasananya makan ditempatnya enak, pelayanannya cukup ramah, tapi kadang saat menunggu pesanannya lama bgt padahal tidak terlalu ramai",2026-08-31T16:57:59
ChZDSUhNMG9nS0VJQ0FnTURJbnFpR0VBEAE,,1.0,"menurutku tingkat sistem pemilihan tempat duduk dimie gacoan harus ditingkatin lagi, makanannya emg enak tapi sistem cara penomoran tempat duduk itu kurang (karena banyak yg ga tertib) , masa kita kan sudah dikasih nomor tempat duduk tapi malah didudukin orang lain mana sampai ribut lagi, klo sudah kaya gini duduk dimana? Untung pelayannya baik ngasih solusi, saranku tolong diubah sistemnya pilih tempat duduk sendiri.",2026-08-31T16:57:59
Ci9DQUlRQUNvZENodHljRjlvT2pOS1dHSnFibGx4Y3pkVlpGQnlTekpvYjBGdFozYxAB,,1.0,"pelayanan sangar buruk, datang awal² dapet mie nya sampai 1jm kurang, yg datang terkhiran malah lebih cepet",2026-08-31T16:57:59
Ci9DQUlRQUNvZENodHljRjlvT25oc1ZGaFFlSGcxUjJ4eWVqSlBSRnBqTVhwMGRHYxAB,,5.0,"Vibes nya enak,makanan nya juga enak, engga kotor, pelayanan nya sopan, ga ada yang jutek",2026-08-31T16:58:13
Ci9DQUlRQUNvZENodHljRjlvT21SVU5XczNTRE5JWWtWa1Uza3hRbVYxZW1SSFQwRRAB,,5.0,Gacoan yang cabang ini cepet bangett pelayanannya waiters juga ramah,2026-08-31T16:58:13
Ci9DQUlRQUNvZENodHljRjlvT205U1ZFNWtaMk5UZGpoMmNEaDNlR1ZsV1RKVVIxRRAB,,1.0,"Beberapa kali makan disini tempat nya kurang nyaman, Lantai kotor, Troli full piring kotor deket meja konsumen, banyak lalat, pernah minta clear ulang karena meja masih lengket malah jutek pelayanan nya dan diabaikan, klakar nya 😭😭😭 …",2026-08-31T16:58:13
Ci9DQUlRQUNvZENodHljRjlvT21Gc1JXOUxZVEZZZEZobVUweFJUa2hVWVVsbWRGRRAB,,5.0,pelayanan nya cepet terus tempat nya bersih,2026-08-31T16:58:13
Ci9DQUlRQUNvZENodHljRjlvT2xkalNURmpSbmxaVFVKMlVGOVdXVjl1ZFRsVExVRRAB,,5.0,"Gapernah kecewa sama pelayanan gacoan tuparev, mi nya juga enak",2026-08-31T16:58:13
Ci9DQUlRQUNvZENodHljRjlvT2xOaFZHWnpOWFZyVHpGNmNFTk5SVjkxVUhRMlMyYxAB,,5.0,"Pelayanan nya sangat cepat, makanannya enak, suasana nya nyaman, the best",2026-08-31T16:58:13
Ci9DQUlRQUNvZENodHljRjlvT2tGbVdWaEpaek5sYjBSWk4yTjRSazFNYTAxRVduYxAB,,5.0,Pelayanan nya ramah dan makanannya enak👍 …,2026-08-31T16:58:13
Ci9DQUlRQUNvZENodHljRjlvT21GdlQwNDRYMVJMVnkxV1RqZERkMmhsVVhOMVkwRRAB,,1.0,Pelayanan sngat buruk meja blom di bersihkan sampai mie nya datang dan es teh nya ga dateng dateng sampe mie nya udah habis tinggal mau pulang baru dateng pelayanan tidak ramah 👎👎👎👎,2026-08-31T16:58:13
Ci9DQUlRQUNvZENodHljRjlvT2xGcGVuaFBkSEZUWWpSQ1dVdHpiMUowVkVkeWRVRRAB,,5.0,"tempatnya luas dan asik, pelayanan nya ramah",2026-08-31T16:58:13
Ci9DQUlRQUNvZENodHljRjlvT2xSMk1rNVlPVlpSVERscVpUbG9hMUZoVjB4cmRWRRAB,,1.0,"pelayanan lama, ada rambut di mie nya, sedotan cuman dikasih beberapa",2026-08-31T16:58:13
Ci9DQUlRQUNvZENodHljRjlvT2tKSGVEbDRVblJET1daVGFsSkNaakI0YTFadGRYYxAB,,5.0,Sangat memuaskan untuk pelayanan sangat ramah,2026-08-31T16:58:13
Ci9DQUlRQUNvZENodHljRjlvT2xaMllrRktORWhJUkVkSVJuVktNbHBOYURWUlNFRRAB,,5.0,Makanan di sini tuh enak bangeeeetttt. Apalagi dine in. Tapi kalau sepi hehe soalnya males ngantri dan rame. Eh tapi rame (sukses) terus ya gacoaaan jangan sepi-sepi tapi juga jangan keramean soalnya bikin pusing😁😁 …,2026-08-31T16:58:13
ChZDSUhNMG9nS0VJbmZxOS0wLWRDSEVnEAE,,5.0,"Makanan dengan rasa yang cukup enak untuk kisaran harga yg ditawarkan. Untuk layanannya baik hanya saja suasananya sangat panas, mungkin karena kebetulan tempat duduk saya jauh dari kipas.",2026-08-31T16:58:13
Ci9DQUlRQUNvZENodHljRjlvT2tZMVRVMXVZMnh2U3pCT1NqTlFlSGx4ZUdKcVYzYxAB,,5.0,mewahnya bintang lima harga terjangkau,2026-08-31T16:58:13
Ci9DQUlRQUNvZENodHljRjlvT25kTFRVVnFNelJaV0ZwalgzTnpTWEpsTlRrM2NuYxAB,,5.0,Makanan nya enak banget,2026-08-31T16:58:13
Ci9DQUlRQUNvZENodHljRjlvT25sck9VUkxUM05TTFRSVVMwUmlaamxHVERobldIYxAB,,4.0,Mau tanya dong tanggal 22 Maret 2026 buka tidak ya..?,2026-08-31T16:58:13
Ci9DQUlRQUNvZENodHljRjlvT21sTk15MVBVbVEwT1VONU5HaERUVjloVmpsbFZXYxAB,,5.0,"Untuk layanan baik, makanannya best.",2026-08-31T16:58:13
Ci9DQUlRQUNvZENodHljRjlvT2poMVNsUlVSbVpKWTBsa1ptVXdaVGh5UlVKQk1HYxAB,,5.0,mantap gpernh ngecewain,2026-08-31T16:58:13
Ci9DQUlRQUNvZENodHljRjlvT2tKRmVVRnhSVFJHVkdWU1RqTmtNbTFhV1U0NVExRRAB,,5.0,"Pelayanan nya sangat ramah, tempat nya nyaman.",2026-08-31T16:58:13
ChdDSUhNMG9nS0VJQ0FnSUQ3anJYWWpRRRAB,,5.0,Tempatnya bersih enak buat makan bareng temen,2026-08-31T16:58:13
Ci9DQUlRQUNvZENodHljRjlvT21kU1dEVmphbWhJVURSelNUTlZia2hGVFRselJYYxAB,,5.0,makanan nya enak banget🤤,2026-08-31T16:58:30
Ci9DQUlRQUNvZENodHljRjlvT25wb0xYRnZRbFZZU2s5b2RuY3pTSHB0T1ZkQ2QxRRAB,,5.0,pelayanan gacoan tuparev mantap banget,2026-08-31T16:58:30
Ci9DQUlRQUNvZENodHljRjlvT2tOVGRrSmlSRzUyVUVOWE4weDBWVlExWnpFeFlWRRAB,,5.0,"mantapp anjayy, paling suka udang kedung",2026-08-31T16:58:30
Ci9DQUlRQUNvZENodHljRjlvT2xWaGNUZGxhMmR0TWxWUmNFaHNTRmxTZURZeU5XYxAB,,1.0,pelayanan lambattt kebanyakan ngobroll pegawainya,2026-08-31T16:58:31
Ci9DQUlRQUNvZENodHljRjlvT25oVWNIUnZVMlZUZFhaelZFUnZNMk5YTWs1Zk1FRRAB,,5.0,"pemesanannya praktis, pelayanannya cepat, tempatnya nyaman",2026-08-31T16:58:31
Ci9DQUlRQUNvZENodHljRjlvT2xOclEybDJXbU5DVVRKNmRtOVNiRWROWjJkMlNsRRAB,,5.0,"pelayanan nya baik, ramah, sigap , gercep",2026-08-31T16:58:31
Ci9DQUlRQUNvZENodHljRjlvT2s5amFrMXBTa010VVc5dVZESktObloyZWtweU9XYxAB,,5.0,"Terimakasih gacoan Tuparev, makanannya enak. Rasanya murah dan hemat",2026-08-31T16:58:31
Ci9DQUlRQUNvZENodHljRjlvT25CRmJTMHlUSGd6TldvMGFWWmhjbUkwY0haeVpHYxAB,,1.0,"baru kali ini kecewa sm gacoan, udaa jdi pesanannya tpi dibilang blm jadi pesen dri jm 20.23 smpe jm 22.14 baru di ksih",2026-08-31T16:58:31
Ci9DQUlRQUNvZENodHljRjlvT21reVQyWkhkVmhpWW5WRlJUSkxUMUpmY1d4UGMxRRAB,,5.0,Makanan dan dimsum nya enak banget pelayanannya juga ramah. Makasii mas yg udh fto wkakaka,2026-08-31T16:58:31
Ci9DQUlRQUNvZENodHljRjlvT2xsaFduRkRaM1pEZGtWWGRISk1UMnBwZVMxSVYyYxAB,,4.0,Pelayanan nya kurang bngttt.!!!,2026-08-31T16:58:31
Ci9DQUlRQUNvZENodHljRjlvT21Gek1sbzFTekZIT0hJMGNGRllPRzkxWnpaWFJGRRAB,,2.0,"Padahal sepi, tapi pelayanan maunya cepet. Okelah kalo rame. Rasa juga ntah napa mirip mi instan goreng, cuma ga dikasih saos bedanya",2026-08-31T16:58:47
Ci9DQUlRQUNvZENodHljRjlvT25kSWQyMXViMlZQVkZGeVpGWlVSbEZXVlRoSFluYxAB,,5.0,tempatnya nyaman dan pelayanan sangat ramah,2026-08-31T16:58:47
Ci9DQUlRQUNvZENodHljRjlvT2tkNU1uaDZRMnRzU0hVMlQwVTNNVE5zWkVoM1QzYxAB,,5.0,"Worth it, nice pelayanannya",2026-08-31T16:58:47
Ci9DQUlRQUNvZENodHljRjlvT2tGWFZFWmhTek14TlV4a01ucGlOR0kyWTBoMmVHYxAB,,5.0,makanan nya sangat enak dan pelayanan nya ramah sekali,2026-08-31T16:58:47
ChdDSUhNMG9nS0VJQ0FnSURfeTZibTVnRRAB,,5.0,"Rame "" datang sekeluarga pas hujan pesan 20+-porsi di sela terus antrianya. Kurang profesional resepsionis pengaturan tempat duduknya. Padahal ga harus kumpul 2/3 meja berdekatan. Hari sabtu malam Minggu",2026-08-31T16:58:47
Ci9DQUlRQUNvZENodHljRjlvT25wYVNuYzNZbWhJWldKNk0zaHNlVmR3Y0dOVFdWRRAB,,5.0,mantap pelayanan nya baguss,2026-08-31T16:58:47
Ci9DQUlRQUNvZENodHljRjlvT2sweU5HOTFSRVpxU2s1RVpYQk9UelIyYkc5VFpGRRAB,,5.0,"pelayanan bagus makanan cukup enak,,pelayan aga ramah",2026-08-31T16:58:47
Ci9DQUlRQUNvZENodHljRjlvT25CSFRXNXRZMDFCVmtscFRYUjVXa2hsYnpkMmJuYxAB,,5.0,"Makanan enak, layanan cepat, suasana nyaman",2026-08-31T16:58:47
Ci9DQUlRQUNvZENodHljRjlvT25kTGVHTmxhVTVVU1dvd05XbzJjSGd4V2s5MFEyYxAB,,5.0,"mie nya enak, tempat nya nyaman, pelayanan nya cepat dan ramah👍🏻 …",2026-08-31T16:58:47
Ci9DQUlRQUNvZENodHljRjlvT2tsYWRHcHFNRXhQV1dWV05tSnNPVVZPVldOQ1VWRRAB,,1.0,Dateng jam 11 siang gk terlalu rame... Nunggu pesanan sampe 1 jam lebih gk dateng dateng Asli kapok gak mau kesini lagi,2026-08-31T16:58:47
Ci9DQUlRQUNvZENodHljRjlvT2xWNE0yWnJVVUp3WkhRMVoydEhWRTlGYVVWM1gyYxAB,,3.0,di sarankan pelayanannya lebih di perhatikan lagi,2026-08-31T16:59:03
ChZDSUhNMG9nS0VJQ0FnSURYeUpyMWJREAE,,5.0,"Makan disini sudah 2 kali , terakhir Bru kmren tgal 21 okt 2024. Mie nya enak, dimsum selalu enak, minuman enak, tempat luas.. bisa pilih tempat duduk tapi milih saat dikasir ya kita mau duduk di nmer brapa yg msih kosong. Kalo antre msih Krena mie gacoan selalu rame. Jd ya hrus sabar aja untuk menunggu makanan jd , tapi ga lama banget kok. Cuma sayang aja parkirannya yg panas banget Krena msih terbuka. Pelayanan semuanya bagus sih .",2026-08-31T16:59:03
ChZDSUhNMG9nS0VLS2N2c0t4b2FmMVZREAE,,5.0,"pelayanan nya sangat ramah, terus makanan cepet dateng nya",2026-08-31T16:59:03
Ci9DQUlRQUNvZENodHljRjlvT2s1UFFWSjBTRk5FT1hvd1lUSkZSVmhSV0VSU1RsRRAB,,5.0,Enak rasanya pas pedesnya.. Cumang tolong ya ka untuk masalah minum nya kalau bisa di percepat makanan udah habis minum belum dateng,2026-08-31T16:59:03
Ci9DQUlRQUNvZENodHljRjlvT2tOck0xVkhUbmhxZGxKSFJHcFVNblp3UjJsVGNWRRAB,,5.0,"Pelayanannya baik, tempatnya nyaman, bersih",2026-08-31T16:59:03
Ci9DQUlRQUNvZENodHljRjlvT21Rd0xWSnFORWQwVjFWM1VuUmFWWGhaYWxKTmRFRRAB,,5.0,"Makanan sesuai standar seperti biasa, pelayanan tidak memandang rendah siapa pun, dan suasana kondusif...",2026-08-31T16:59:03
Ci9DQUlRQUNvZENodHljRjlvT21kS05GcFJVamhPTW5WYVlYTlBjMU15T0RSWlMwRRAB,,5.0,"Ketersediaan mushola dan toilet bersih jadi poin plus, karena kalo soal pelayanan dan cita rasa Gacoan gak usah diragukan soal kecepatan pelayanannya",2026-08-31T16:59:03
ChdDSUhNMG9nS0VJQ0FnTUNJd2M2SDFnRRAB,,2.0,"Perlu belajar banyak ke cabang gacoan yang lain, terutama dalam hal pelayanan, dalam tata cara pemesanan.. Dari awal dateng sampe beres makan hampir 3 jam ini wkwkwk, kaya perjalanan ke luar kota aja mau makan juga",2026-08-31T16:59:03
Ci9DQUlRQUNvZENodHljRjlvT21oS2FHOWFNbUUwT0dsME5HMWZXbmRYWWtGdU1uYxAB,,5.0,"pelayanan nya oke, makanan nya juga oke",2026-08-31T16:59:03
Ci9DQUlRQUNvZENodHljRjlvT25neWVtdFNiR0ZRZVZoTVEyeFZlbEpJZWsxSllrRRAB,,5.0,"untuk mie nya mungkin bisa ditambah lagi rasa asin sedikit supaya lebih nikmat, fav aku udang keju ga pernah gagal selalu enak",2026-08-31T16:59:03
Ci9DQUlRQUNvZENodHljRjlvT21SamFUQkpWa2gyTlRFd0xVOW5ha1JDYlhoa1NWRRAB,,5.0,"Mantap, pelayanan mantap. Terimakasih gacoan Tuparev",2026-08-31T16:59:23
ChZDSUhNMG9nS0VJQ0FnTUNRLWYyQUhnEAE,,1.0,"Untk pelayanan online kenapa cuma sopi sm grab yg langsg cetak struk stlh order masuk,sedangkan gojek nunggu driver dtg bru diprint.jadinya kan lma prosesnya,harusnya sma2 langsg diprint struknya.biar bisa langsg diproses pesananya,karena digojek jarang dpt yg dket2 drivernya.",2026-08-31T16:59:23
Ci9DQUlRQUNvZENodHljRjlvT25oa05uaG9ha1JHVjBWc016TTRhazlrWWw5MFIwRRAB,,4.0,Suasanya selalu ramai pastinya apalagi kalau jam makan siang atau sore pulang kerja.,2026-08-31T16:59:23
Ci9DQUlRQUNvZENodHljRjlvT25ab1lsRmxaVUZNV25ocFVqUXROVXhSZDFGaGVIYxAB,,5.0,Hari ini nge war Sophie mba kasir nya Baek n sabar bgt wlpn mnt barcode lgi GK mrh n sabar melayani makasih selalu JD tmpt mkn yg trbaek,2026-08-31T16:59:23
Ci9DQUlRQUNvZENodHljRjlvT2xwdWVFeHpPR0ZrUVhOcFJHRmpVbGg0WVcxQlJXYxAB,,5.0,Pelayanan ny memuaskan dan untuk makanan berani bersaing,2026-08-31T16:59:23
Ci9DQUlRQUNvZENodHljRjlvT21OdGNYTkhjbFIxY0hsblkxaHhRbWN0VmpORlZuYxAB,,5.0,"Makasih. Gacoan nya enak, pegawainya ramah, staff nya juga murah senyum, saran kalo bisa diperbanyak meja nya biar ga nunggu terus pas ngantri. Sukses gacoan👍👍👍👍👍👍👍",2026-08-31T16:59:23
ChZDSUhNMG9nS0VJQ0FnTUR3bmJtQlh3EAE,,1.0,"pelayanannya lama bgt, sengaja beli malem biar ga terlalu rame ehh ternyata malah lama bgtt 1 jam lebih makanan ga jadi jadi, padahal posisinya lagi sepi krna emg uda hampir jam 1 malem juga, tolong dong pelayanannya diperbaiki lagi",2026-08-31T16:59:24
Ci9DQUlRQUNvZENodHljRjlvT2twT01rOU5aM1V6WVZkWWRGWmZjVTVXU1ZoM2NXYxAB,,5.0,Pelayanan nya bagus dan makanan nya enak enak,2026-08-31T16:59:24
ChZDSUhNMG9nS0VJQ0FnTUNnN1BMR2ZREAE,,1.0,"Tanggal 9 kemarin makan gacon di Cirebon, ngeliat karyawan dibelakang lagi ditegur sama atasannya perihal sabun, jujur ini kedengaran sampai meja saya. Posisi tempat lagi ramai sama para customer, saya yakin para customer yang lain juga kedengaran, habis ditegur sama atasannya, mbaknya itu langsung nelungkup tangannya, mungkin rada nyesek dihati, apalagi ditegur ditempat terbuka begini. Inget ya, dengan kalian marah-marah ditempat ramai begini, ga menjadikan kalian lebih tinggi, justru terlihat minim empati.",2026-08-31T16:59:24
Ci9DQUlRQUNvZENodHljRjlvT2xkcllXTTNNMFZpZFc5U2VFSjJPRWQxVGpVd1FsRRAB,,5.0,rasa enak pelayanan ramah dateng nya cepett ayo cobainnnn,2026-08-31T16:59:24
Ci9DQUlRQUNvZENodHljRjlvT21kSFdXOUxhWGxMWlhkME0yRXdXVU40VVcxd2FHYxAB,,5.0,pelayanan bagus karyawan ramah tamah,2026-08-31T16:59:43
Ci9DQUlRQUNvZENodHljRjlvT2xKRlFrOVZUMnBpTFc1YVpUQjJXV1I2UVhwNWMxRRAB,,5.0,"Layanannya baik sekaliii, dan ramah ramah sekaliiiiiii MANTAPPPP",2026-08-31T16:59:43
Ci9DQUlRQUNvZENodHljRjlvT2pOaFJXTkdURmRMY1RNMldFVmFlRVJ3T1ZKT2FWRRAB,,5.0,"tempatnya nyaman, pelayanannya baik",2026-08-31T16:59:43
Ci9DQUlRQUNvZENodHljRjlvT2pkd1dEbGlPR2s1UzFaVVdXNU9MVXAxUW5Vd2VWRRAB,,5.0,makanan serta pelayanannya sangat cepat dan enak sekali,2026-08-31T16:59:43
Ci9DQUlRQUNvZENodHljRjlvT2tKcFJ6YzNielZoUm5KMVZ6UmhkREpCY0RCRk1tYxAB,,5.0,"Pengalaman yang bagus makan di mie gacoan tuparev ini, pelayanan nya juga mantap",2026-08-31T16:59:43
Ci9DQUlRQUNvZENodHljRjlvT21GQmVXUlZXa0phVURod00wOXdYMkZhUkVSd1dWRRAB,,5.0,Makanannya enak tempatnya juga nyaman dan pelayanannya cepat ramah👍,2026-08-31T16:59:43
ChZDSUhNMG9nS0VJQ0FnTUNBMkxpNUJ3EAE,,3.0,"Biasa beli di depan grage Alhamdulillah aman2 semua makanan dan minuman, gak tau knapa di tuparev koq asiiiiinn banget ya mie nya bener2 kaya makan mie cuma campur garem yang buanyak pisan asiiiinn. Semoga ini bisa jadi masukan positif buat mie gacoan tuparev, makasih",2026-08-31T16:59:43
ChZDSUhNMG9nS0VJQ0FnTUNJZ2NDTkNBEAE,,1.0,Sistem tidak jelas tidak ada yg biasa mengatur costumer saya sudah menunggu 1 jam tidak di sebut2 namanya sedang kan yg baru datang langsung biza masuk tidak perlu WL terlebih dahulu jadi minta tolong buat sistem di perbaiki lagi mau takeway atau dine in kalau sudah WL semuanya harus ikut WL jgn yg takeway langsung di masukan PAHAM,2026-08-31T16:59:43
ChZDSUhNMG9nS0VJQ0FnTUNnNFBXdGJBEAE,,1.0,"Lagi enak"" makan malah disuguhi atasan marah-marah ke karyawan hadeh, tolong kalo seumpama karyawan ada salah jangan langsung marah marah apalagi marahin nya di tempat yg mungkin orang"" beli kedengeran lu marah",2026-08-31T16:59:43
ChdDSUhNMG9nS0VJQ0FnTURvdnU3dmtRRRAB,,5.0,"Makanan nya enak sesuai ekspektasi, tapi beberapa kali mejanya agak lengket terus ada lalat yg sering Dateng jdi kurang nyaman buat makan, tpi keseluruhan okeh sihh 🔥🔥🔥",2026-08-31T16:59:43
ChZDSUhNMG9nS0VJQ0FnTURnNDhIUlp3EAE,,3.0,"Semua nya okey dalam pelayanan maupun makanan, hanya saja kesal dengan tukang parkir gacoan sebenar nya apa itu fungsi nya kalau ada tukang parkir kalau kerja nya hanya duduk saja dan dapat uang. Minimal ada kerja nya sedikit kek jngn malah …",2026-08-31T16:59:43
Ci9DQUlRQUNvZENodHljRjlvT2xwcU1HRnllWE15VG5Cb2NVOXNWalZ1T1ZwdlgxRRAB,,5.0,Saya suka mie gacoanyan enak apalagi udang kejunya mantep polll😘🫰 …,2026-08-31T16:59:43
Ci9DQUlRQUNvZENodHljRjlvT20wdFVsUnllRGMzY1dsbWNrbFBja2xmWmpOalgzYxAB,,5.0,pelayanannya cepat dan ramah,2026-08-31T16:59:43
Ci9DQUlRQUNvZENodHljRjlvT2tWU1JXcFljRUZPVURFeWREZ3RUM05xUVRBelVtYxAB,,5.0,pelayanan ramah bintang 5 🤩 …,2026-08-31T16:59:43
Ci9DQUlRQUNvZENodHljRjlvT2s0d2FXNTVWVXgxTWtkaGVHbzFTamd0UVdKVVJWRRAB,,5.0,gacoan nya enak tempatnya juga bersih,2026-08-31T16:59:44
Ci9DQUlRQUNvZENodHljRjlvT25KdFdYbHVaVVE1YWtwU1N6aHhWR2hqYldkcWRtYxAB,,5.0,"makanannya enak banyak levelnya, pelayanan oke, suasana bagus",2026-08-31T16:59:44
Ci9DQUlRQUNvZENodHljRjlvT2twSVJuaE1SRXRVTjBWM04yZHRiR016VjJKd2NHYxAB,,5.0,rasa mie nya sudah sangat baik kenaikan nya tidak seperti biasanya rasanya enak dan pangsit nya juga sudah ada perubahan enak renyah pelayanan nya ramah,2026-08-31T16:59:44
ChdDSUhNMG9nS0VJQ0FnTUR3Z3NTbjN3RRAB,,1.0,Sumpah ya kecewa bgt sama pelayanan gacoan yg sekarang. Saya pesen hari ini jam 22.39 dan sampai jam 23.50 pesanan saya belum jadi sedangkan yg baru datang 10 menit langsung di proses udh mana rumah saya jauh dr outlet gacoan untung aja ga ketemu geng motor. Ga like smaa gacoan!!!!,2026-08-31T16:59:44
ChdDSUhNMG9nS0VJQ0FnTUN3NW9UUzdnRRAB,,5.0,"Rasa mie gacoan itu benar-benar sangat enak dan membuat kita ingin mencobanya Lagi Dan Lagi dan 1 porsi juga itu sudah cukup mengenyangkan... Tempatnya sangat luas dan juga kebersihannya bagus, lumpia udang kejunya sangat enak sekali... pokoknya the best deh siapapun yang sudah menciptakan ide mie gacoan itu keren sekali",2026-08-31T16:59:44
ChZDSUhNMG9nS0VJQ0FnTUNndXZ5dmN3EAE,,1.0,"pelayanan nya kurang. Nunggu antrian lama tapi ngga dipanggil2, alhasil saya nanya atas nama saya masi lama ngga ternyata ngga ada nama saya, dan katanya nama saya ada di kertas catatan yg pertama karna di kertas catatan yg ke2 ngga ada …",2026-08-31T16:59:44
Ci9DQUlRQUNvZENodHljRjlvT2xKbFRWaGtSazQyTUdJNFlUbE5PSEpxZVZFdFYyYxAB,,5.0,Makanan dan pelayanan sangat memuaskan,2026-08-31T17:00:02
Ci9DQUlRQUNvZENodHljRjlvT21ORGRFUjRXbTVNZVMxNWJGZ3dkRzVFWDNwVFEwRRAB,,5.0,Mantap bagus sekali pelayanan nya,2026-08-31T17:00:02
ChdDSUhNMG9nS0VJQ0FnTUNJdEpxNjl3RRAB,,1.0,"Bener bener ya, dateng 23.25 sampai 0.35 makanan gk dianter2 dengan alasan menit belum waktunya, gila banget harus nunggu berapa jam baru makanan dianter ke konsumen, perkara mie 10 ribu harus rela nunggu berjam jam, waktu kebuang percuma.. Akhirnya makanan belum dateng saya tinggal pulang",2026-08-31T17:00:02
ChZDSUhNMG9nS0VJQ0FnTURRMDZlMVJREAE,,1.0,"Kecewa nya cuman di parkiran...segitu banyak orang yg narikin uang parkir,tapi satupun gak ada yg mau nyebrangin klo motor mau nyebrang ke arah grage...area tuparev kan rame dan macet...parkiran nya cuman narikin duit nyaa aja....sampe saya ribut sama angkot gegara mau nyebrang gak ada yg mau ngalah dan batuin sebrangin....",2026-08-31T17:00:02
Ci9DQUlRQUNvZENodHljRjlvT2xGNVZqVjJTRFpEVTFoTGQxRndiR1J0WDNaeGNXYxAB,,4.0,Rasanya ga pernah berubah tetep enak,2026-08-31T17:00:02
Ci9DQUlRQUNvZENodHljRjlvT2tSNldHdHFTakZ1VTNkV1ZYWlFTV2d6Wlhob1lYYxAB,,5.0,rasa nya Sangat enak dan pelayanan nya cukup baik,2026-08-31T17:00:02
Ci9DQUlRQUNvZENodHljRjlvT2t4TGNFa3dlbE42VTFWUGF6SldNVjlSZGxKVmRsRRAB,,5.0,"pelayanan nya ramah, nyaman, makanan nya enak, 🫰🏻🫰🏻🫰🏻 …",2026-08-31T17:00:02
Ci9DQUlRQUNvZENodHljRjlvT2tOSFpFUnFkRTlKYnpZM2MzSnRXREZhVWxGdE1GRRAB,,5.0,"mie nya sukaaa, enakkk enak bgt apa lagii udang kejuu nyaaa bnyak keju nya sukaaaa, tempat nya juga enak nyaman",2026-08-31T17:00:02
Ci9DQUlRQUNvZENodHljRjlvT2twcE1HMVFWazF6ZUVsVlExOTBhRlZLUkdjMWMwRRAB,,5.0,"josss pelayanan e broo, makasih mas",2026-08-31T17:00:02
Ci9DQUlRQUNvZENodHljRjlvT2xWSWFGOVBja2hZYTBWMlMyWnVOMkZtYjNOSlpXYxAB,,5.0,"Crew nya baik sekali, nyaman tempatnya😉🥳 …",2026-08-31T17:00:02
Ci9DQUlRQUNvZENodHljRjlvT2toUllVSjZVVFU1VEdad2FFRkJVMG90WWxkV1ltYxAB,,5.0,"Pelayanan nya baik,makanan nya jga cpett datengg nyaa,bestt pokok nyaa",2026-08-31T17:00:28
Ci9DQUlRQUNvZENodHljRjlvT201SVQzWm9kbkZmU25kVk4zWjJTbDlzUTBGb2VVRRAB,,5.0,"enakkk, bintang 10😘 untuk menggosip enakkk …",2026-08-31T17:00:28
Ci9DQUlRQUNvZENodHljRjlvT21KaE1WOXJjVmxVTlZSbVZ6a3hja2RTYXpaamQxRRAB,,5.0,"Pelayanan yang ramah, baik, tempat nya nyaman",2026-08-31T17:00:29
ChZDSUhNMG9nS0VJQ0FnSURyM2ZPYWJREAE,,1.0,"coba pembelian takeaway pertama disini gak dikasih pangsit, parah banget",2026-08-31T17:00:29
Ci9DQUlRQUNvZENodHljRjlvT2xKcVozTmxXbVpCY0dwM2RWUklSMnRHYUhad1dtYxAB,,3.0,"Pelayan baik, cepat, ramah juga, karna kita berbanya.. pesanannya cepat di antar nya tapi manisss bangetttt mie nya. Ini kemanisan sih",2026-08-31T17:00:29
ChdDSUhNMG9nS0VJQ0FnSUNmamFIN3NnRRAB,,5.0,Udang keju favorit🫰🏻,2026-08-31T17:00:29
Ci9DQUlRQUNvZENodHljRjlvT2xsVGVuZHZWVk41TjFsd05XMHdZM0ZJYmpGUlVFRRAB,,5.0,"Makanannya rasanya pas, pelayanannya ramah, tempatnya nyaman dan harganya okee",2026-08-31T17:00:29
Ci9DQUlRQUNvZENodHljRjlvT20xTmRDMWlPVzVpT1dFdGNqWlhTREl5YURWWVZVRRAB,,5.0,sangat bagus dan memuaskan entah dari segi pelayanan hingga makanann,2026-08-31T17:00:29
Ci9DQUlRQUNvZENodHljRjlvT201cloxTTNOSEIwUVV4MlpXNXJjVFl3UVd4WllYYxAB,,5.0,"Adem, enak juga santai, pelayanannya cepatt, baik, bersih",2026-08-31T17:00:29
ChdDSUhNMG9nS0VJQ0FnTUNZX05yUXRnRRAB,,1.0,"Pelayanan tidak ramah,minta pindah ke smoking area aja tidak bisa padahal meja nya pada kosong. Makanan mau di bungkus harus bayar 1000 buat steroform nya. Gak lagi dah makan disini",2026-08-31T17:00:29
Ci9DQUlRQUNvZENodHljRjlvT2pjMGVGTlNOamxSYzFCa1VWVkpSemxFUW5vM05HYxAB,,5.0,"Pelayanan oke dan cepat, harga terjangkau,",2026-08-31T17:00:54
Ci9DQUlRQUNvZENodHljRjlvT2t4RWNqZEhRV0ZOUVcxWmQzaEtZWE5sT0ZCUWJuYxAB,,5.0,oke enak mantep lah pokonya gacor,2026-08-31T17:00:54
Ci9DQUlRQUNvZENodHljRjlvT2swMVNXMUplV0ZaVms1cWJuZHFVbmxQYlhneVZHYxAB,,5.0,"makanan enak, layanan cepat, suasana nyaman",2026-08-31T17:00:54
ChdDSUhNMG9nS0VJQ0FnTUNvNFl5N3lnRRAB,,1.0,Tolong diperhatikan lagi pelayanan nya.. Malem ini kecewa karena sampe makanan habis minuman nya belum dateng² juga. Sempet datengin kedapur ambil minum bilang nya suruh nunggu sampe anakku kehausan dan akhirnya beli minum nya diluar,2026-08-31T17:00:54
Ci9DQUlRQUNvZENodHljRjlvT2pGM1ZHUXhXbEF3Y2pWM1JXeGxXbmw2UzJkc05FRRAB,,5.0,"Pelayanan nya lumayan cepet,tempat nya juga enak,bersih,rapih dan juga ada musholahnya",2026-08-31T17:00:54
Ci9DQUlRQUNvZENodHljRjlvT2kxUVkyVlNUbTE0Y21wdlJYTnBibU01Y2pCM1RVRRAB,,5.0,Mie sama udang kejunya enak,2026-08-31T17:00:54
Ci9DQUlRQUNvZENodHljRjlvT2xsa2IyUlJVVGxXUmt0eVQwWkdURmxqYm1aMWNWRRAB,,5.0,"lv mienya pas. kadang beda-beda outlet suka berbeda, yg seharusnya lv 2 tapi rasanya kayak lv 1, tapi disini pas 👍🏻",2026-08-31T17:00:54
Ci9DQUlRQUNvZENodHljRjlvT2xGMVVIYzVNVnBZWkVOdFNEQnRNRUZrVVhscWJuYxAB,,5.0,"waktu makan disini nyamn bangett pelayanannyaaa, makanannya juga lezat",2026-08-31T17:00:54
Ci9DQUlRQUNvZENodHljRjlvT2toTlZuZHdTMmhrZGtRNE1YbDVPVWxQVDJWeU1rRRAB,,3.0,Minta tolong baik2 lemah lembut karena no mejanya ada yang dulin malah ngeyel dikira aku males nyari same 3x nyamperin tu karyawan cowo yang kumisan megang kertas menu hari senin jam 19.00,2026-08-31T17:00:54
Ci9DQUlRQUNvZENodHljRjlvT2tORFJXWjJUMGhWVEROeU1GUmlTR1JrTm5SS2RsRRAB,,4.0,enak kok masakan nya nyaman jga cmn minuman teh nya banyak ampas nya,2026-08-31T17:00:54
Ci9DQUlRQUNvZENodHljRjlvT2xvNWRHRTVXVzFSTkc5MldtNVFOWFkwUmtjNE5FRRAB,,5.0,"mantap, pelayanan baik, enak banget gacoan",2026-08-31T17:00:54
Ci9DQUlRQUNvZENodHljRjlvT25CWmNsQkNSM0JJTFd3MlpVbG9ObU5pUTBkU05rRRAB,,5.0,Tempat yang nyaman untuk kumpul dan ngobrol,2026-08-31T17:00:54
Ci9DQUlRQUNvZENodHljRjlvT2pGTGMwaG9WWGxhVkRCUGFXUlpkVlJFT0ZacGNYYxAB,,5.0,nyamann bangettt pokonyaaa enakkkk,2026-08-31T17:00:54
ChdDSUhNMG9nS0VJQ0FnTURBM3NPUzVRRRAB,,1.0,"Antri buat dpt antrian ke kasir di maklum krna pengunjung lg banyak tapi pas saya udah dpr no antria meja dan pesan trnyata pesanan mau minuman dan mie nya konsumen diblakang saya yg dluan dapet mlhan untuk psenan mie nya saya di lwt 3 konsumen,luar biasa pake antrian tapi untuk pembuatan pesenan nggk pake antrian lucu...",2026-08-31T17:00:55
ChdDSUhNMG9nS0VJQ0FnSURyNXRqNnJBRRAB,,1.0,"Saya pesan duluan tapi yang dilayanin orang lain dluan. Padahal udah nunggu sejam lebih. Yang dianterin mie nya dlu, ehh minum nya baru d anterin 40menit Kemudian. Padahal saya udh ngomong berkali2 ke pelayan, tapi pelayan nya kaya pura2 ga liat ke arah saya",2026-08-31T17:00:55
ChdDSUhNMG9nS0VJQ0FnTURBei1hV3B3RRAB,,1.0,"Kasih teguran ke manager yg marahin crew wktu jam makan siang tempo hari, rame bgt. Gk etis negur bawahan di tempat rame2nya pengunjung, ganggu suasa aja!",2026-08-31T17:00:55
ChdDSUhNMG9nS0VJQ0FnSUM3N2JMc3JnRRAB,,5.0,"Tempatnya skrg luas,Klo di ademin kayanya lebih menyala👍👍 …",2026-08-31T17:00:55
Ci9DQUlRQUNvZENodHljRjlvT2tzNU1tMXNaRWRoTVRkSGR5MUpWRU51VFdKUk9HYxAB,,4.0,"Makanannya oke, pelayanan juga ramah, tempat dan suasananya nyaman.",2026-08-31T17:00:55
Ci9DQUlRQUNvZENodHljRjlvT2poTWRGQlFNWGRoTkhGNWExZExUazFwUlhnNFRHYxAB,,5.0,tempatnya luas dan pelayanan nya cepat,2026-08-31T17:00:55
Ci9DQUlRQUNvZENodHljRjlvT2xVemVYRk5NMEp3Wld0Vk5WUnhNbmhDVjI1RmFXYxAB,,3.0,"Makanan dan tempat y gda masalah, tp masa iya tempat makan ga nyediain tissue, konsep y gmn? Apalg klo bwa bocil, ngrepotin deh, bakso mieayam ajah ada tissue nya, ini yg rame trs masa gada lap buat abis makan gimna? Aneh lu",2026-08-31T17:00:55
ChdDSUhNMG9nS0VJQ0FnTURJX2NHRThnRRAB,,3.0,"pelayanan ga bgt si,pdhl kt dtg udh dluan,eh malah yg di layanin org yg bru dtg,btw kt udh ke pelayan nya buat nyatet nama sm brp org gtu yaa",2026-08-31T17:01:17
ChdDSUhNMG9nS0VJQ0FnTUNvMmFhYzd3RRAB,,1.0,"Mohon maaf sebelumnya saya hanya ingin bilang kenapa ngantri nya lama ya?saya sudah menunggu dari jam 4 sore,dan sampai jam 5 belum juga di panggil. Bahkan orang yang di belakang saya,dan orang yang baru datang dan dia menunggu …",2026-08-31T17:01:17
Ci9DQUlRQUNvZENodHljRjlvT214c01FNHdNQzFpUW5oNE9GWm9kRXhmVkVNdE1YYxAB,,5.0,"enak buat kumpul sama teman, suasananya jg gak terlalu bising. cocok buat yang orang yang introver kaya akuu🫰🏻🫰🏻 …",2026-08-31T17:01:17
Ci9DQUlRQUNvZENodHljRjlvT20xMFJFTnVWMngyWVdaclFUUTRNMDlaWkZKU05YYxAB,,5.0,"untuk tempat nyaman,pelayanan cepat makanannya juga enak",2026-08-31T17:01:17
Ci9DQUlRQUNvZENodHljRjlvT2pCblZYUkhhV2xMY2xZeU9IbDFUbmhCTVVwdGMwRRAB,,5.0,"skrng kurang asin mie nya, kipasnyaa ga rata gabisa muter jadi panas",2026-08-31T17:01:18
Ci9DQUlRQUNvZENodHljRjlvT2xBeVN6TlhUR1puWldFMGVGbHBSR1ZFYzJKMlZHYxAB,,5.0,"pelayannya baik,ramah",2026-08-31T17:01:18
Ci9DQUlRQUNvZENodHljRjlvT2pCT0xXNUlaVkJPYkVwVFpsQklWRE5FZFMxYVYwRRAB,,3.0,"siomay nya adem gaenk, seharusnya di sajiin dalam keadaan anget. saya kecewa si baru kali ini ga sesuai malah adem gini siomaynya",2026-08-31T17:01:18
Ci9DQUlRQUNvZENodHljRjlvT2xrMllrdDZVRlI2ZUc1UlJtaENVWGhhT0VONWNIYxAB,,5.0,"Pelayannanya cepat, dan tempatnya luas, cocok buat makan rame-rama, dan paling penting harga pelajar bangettt",2026-08-31T17:01:18
Ci9DQUlRQUNvZENodHljRjlvT2sxMFFVeHFTV3RYTFZOQ2VXMUlURzUyTjB0MGExRRAB,,5.0,"Mantap, pokonya ga nyesel datang ke mie gacoan tuparev",2026-08-31T17:01:18
ChZDSUhNMG9nS0VJQ0FnSUN2djk3Z0JnEAE,,5.0,"suka bangett sama pelayanan nya, menu nya jugaa enak, sayangnyaa kurang ademm aja, agak panas tapii gapapa sukaaa bangettt pokoknyaa bintang 5 dehhh⭐⭐⭐⭐⭐",2026-08-31T17:01:18
Ci9DQUlRQUNvZENodHljRjlvT21WRGFrWjJOMDFPZGtRMWNESjVVbFE0VkRkUFVrRRAB,,5.0,Mantap pelayanannya yang begitu ramah,2026-08-31T17:01:18
Ci9DQUlRQUNvZENodHljRjlvT2xJMGJrSm5ObWxoUVU5bloyZE1TVWROVTE5bFpXYxAB,,5.0,baguss pelayanan nya sangat ramah,2026-08-31T17:01:18
ChZDSUhNMG9nS0VMam44SVc0bUxYTkJnEAE,,5.0,"Yg dtg pasti byk, dr anak² hingga dewasa,,, Berpasangan, kelompok, keluarga, OlShop, Syukur² ada LARANGAN utk TIDAK /DILARANG MEROKOK. Khawatir mengganggu pengunjung yg lain. ( Anak² atau ibu hamil dll )",2026-08-31T17:01:18
Ci9DQUlRQUNvZENodHljRjlvT2psaFZURkVhemx1WkZKWVYzTTFZVkZrWmtKRmMzYxAB,,1.0,"pelayanan jelek mesen es teh manis malah di kasih es teh tawar, mesen mie gacoan level 6 dikasih level 3",2026-08-31T17:01:18
ChZDSUhNMG9nS0VJQ0FnSUQzcElxT1pBEAE,,1.0,Meja yg sudah dikasih nomer ternyata masih bisa di rebut oleh customer lain.... Padahal nomer meja sudah sy dapat dari waitressnya saat saya antri di cashier. …,2026-08-31T17:01:18
Ci9DQUlRQUNvZENodHljRjlvT2xSdlpuZ3ljVkJ4YTNsaGRWUlhTa05MZHkxTU9YYxAB,,1.0,"Pengalaman tidak menyenangkan, pesenan minuman tumpah saat dibawa ke meja, jadi hilang selera makan dan minum, nggak lagi lagi ke gacoan lagi",2026-08-31T17:01:18
ChdDSUhNMG9nS0VJQ0FnTUN3MzRYWjF3RRAB,,5.0,"seruu tempatnya sejukk,bisa sambil main buat nunggu buka puasa bareng temen temen,pokoknya seruu ubur ikan lele tempatnya nyaman lee",2026-08-31T17:01:18
Ci9DQUlRQUNvZENodHljRjlvT2s0eFMzVkxiVGRtY0Vkd2VVaFdUVWxsTVVjeVRGRRAB,,5.0,Pelayanan nya cepat dan ramah,2026-08-31T17:01:18
Ci9DQUlRQUNvZENodHljRjlvT25WNlRETlBOMDkxVEhCb2VWZE1NazVuWkhWSGNYYxAB,,5.0,mantepp bangetttt suka pedes nya nampoll👍🏻👍🏻👍🏻 …,2026-08-31T17:01:18
Ci9DQUlRQUNvZENodHljRjlvT25GQlFucFNNRnBrUVRjM2VXYzJVa2hDVGxreFpFRRAB,,5.0,"pelayanannya cepet ngga bikin nunggu lama, pelayan nya ramah dan makanannya enak",2026-08-31T17:01:18
ChdDSUhNMG9nS0VJQ0FnTUNvNGVMb2hRRRAB,,1.0,"Niatnya pengen seneng² malah dibikin emosi grgr minuman datengnya telat, sampe makanan habis sempet dateng kedapur bilang nya suruh tunggu.. Anakku sampe nangis grgr kehausan nunggu minum dan akhirnya beli minum diluar.. …",2026-08-31T17:01:51
Ci9DQUlRQUNvZENodHljRjlvT2pkVFdGbDZaVWQwVjFKeWVFRXRhWGREUlRGR1dVRRAB,,5.0,"Pelayanannya cepat, tadi mgantri buat dine in tapi gak lama dikasih tempat duduk juga, tempatnya lebih luas.",2026-08-31T17:01:51
Ci9DQUlRQUNvZENodHljRjlvT21wWU5UTnVPRnBDWlRKSWIwRldORnBoUlMxbk4zYxAB,,5.0,Pelayanan nya ramah tempat nya bersih nyaman,2026-08-31T17:01:51
Ci9DQUlRQUNvZENodHljRjlvT21OMFpDMXFlbVZZVjI1U1RqUnhaamN6YWxCMU0zYxAB,,5.0,ENAK BANGET MIENYA GK PERNAH BOSAN LOVEEEE😍😍😍😍 …,2026-08-31T17:01:51
ChdDSUhNMG9nS0VJQ0FnSUNINllIazRRRRAB,,5.0,Mie gacoan tuparev gada 2 nya. Recomend bgt kak,2026-08-31T17:01:51
Ci9DQUlRQUNvZENodHljRjlvT2xZNVpXZExWR0ZhVjFWdFlqTXRZWEowWHkxUE5HYxAB,,3.0,Gk masuk akal.. Nunggu minuman udh kyk antri sembako.. Harusnya minuman dlu baru makanan ini makanan dlu apa yang mau di makan klo haus gmna cok,2026-08-31T17:01:52
Ci9DQUlRQUNvZENodHljRjlvT2tOSmVWUktkMUpmWlZCbGFVSTNkRFozTTBkaWVWRRAB,,5.0,mie gacoan sama udang kejunya enak dan suasananya juga adem banget,2026-08-31T17:01:52
Ci9DQUlRQUNvZENodHljRjlvT2sxdU16aFRRbmhUUldrek1rSlpSbWhxV2t0MlZXYxAB,,5.0,Semakin sukses dan tetap pertahanin rasanya,2026-08-31T17:01:52
Ci9DQUlRQUNvZENodHljRjlvT2tSc1NGVmtPRzkyUjFZeFIyaHhTVWRCYTBkUFpVRRAB,,5.0,"pelayanan nya bagus, tanggapan karyawan terhadap customer nya super gercep.",2026-08-31T17:01:52
ChZDSUhNMG9nS0VJQ0FnSURyc0tHbFpnEAE,,3.0,"Barusan pesan takeaway tapi nunggunya hampir 1 jam, dari segi rasa mie nya cuma kerasa pedes doang jadi kaya kurang aja gtu bumbunya. Topping ayam nya juga lebih sedikit isinya. Next semoga lebih baik ke depan nya.",2026-08-31T17:01:52
Ci9DQUlRQUNvZENodHljRjlvT2pocFpVbHVhazlLTkdadWNqSmhVSFJHWkc0M2EzYxAB,,5.0,"Pelayanan nya ramah, cepet juga",2026-08-31T17:02:24
Ci9DQUlRQUNvZENodHljRjlvT21jd2JrbEdOVzlvTUdaaldVeFpURkp5Y1hGTk4wRRAB,,5.0,"tempatnya nyaman, pelayanan cepatt",2026-08-31T17:02:24
Ci9DQUlRQUNvZENodHljRjlvT2xoaVgwTm5NRkppTjNsdWNVbHZNM05mVW1GT2IwRRAB,,5.0,"makanannya enak, layanannya baik, suasananya adem",2026-08-31T17:02:24
Ci9DQUlRQUNvZENodHljRjlvT2xGSFYzVTBSMXB5TW5WWVJGWk9NVlZIWW5kR1FsRRAB,,5.0,"pelayannya ramah dan sangat cepat penyajian mie, minum dan snack nya",2026-08-31T17:02:24
Ci9DQUlRQUNvZENodHljRjlvT2xSblpuQjFUMFppUldoWk1sQlJNbGhaUjBzNVJIYxAB,,5.0,Pelayanan nya cepat dan ramah,2026-08-31T17:02:24
Ci9DQUlRQUNvZENodHljRjlvT2trdFVUa3hSR3hKYWs5TlRFNUtkVjl0VVY5R2JWRRAB,,1.0,Tidak menyenangkan pesenan nya datang 1 jam lebih karena antrian nota hilang,2026-08-31T17:02:24
ChdDSUhNMG9nS0VJQ0FnSUQ3aWZfdXB3RRAB,,1.0,"Tempat baru suasana bagus. Tapi pelayanan buruk bgt, makan di tempat SM pesan online semuanya sama² zonk, pesan mie gacoan yg dtg selalu mie hompimpa, karyawannya need more training lagi, meskipun yg di Tuparev karyawan baru semua tp ttp harus fokus SM pesenan customer. Need more training n read more carefully the orders pls!",2026-08-31T17:02:24
Ci9DQUlRQUNvZENodHljRjlvT2xWSVlqTTBiVVJLYzNseFFVbGtVMWxMZUY5QmMxRRAB,,5.0,"pelayanan nya baik, makanannya juga enak enak dan suasananya bagus",2026-08-31T17:02:24
Ci9DQUlRQUNvZENodHljRjlvT2tOS2IxTlRTbU16UWt4MGJHTlFXRWswYm5ablRVRRAB,,5.0,"makanannya enak, pelayanan pun cepat, suasananya adem",2026-08-31T17:02:24
Ci9DQUlRQUNvZENodHljRjlvT25GeWVWQTVVbGx1YjFOa0xXNXVMWGwxYTBGbWMyYxAB,,5.0,Pelayanan nya mantap banget,2026-08-31T17:02:24
Ci9DQUlRQUNvZENodHljRjlvT25KVGJsZDBObFJ3VVZaUFdXRk9Ubk5EVjBSbVJrRRAB,,5.0,"Enak,seru apalagi bareng teman' satu kelas",2026-08-31T17:02:53
Ci9DQUlRQUNvZENodHljRjlvT21kNU4wUkZkSGRMTjFobVMyVjVaM1ZCTURWTVIxRRAB,,5.0,Pelayanannya sangat memuaskan,2026-08-31T17:02:53
Ci9DQUlRQUNvZENodHljRjlvT21aNFZISmliVmROV1MwNGNtTlpaWEpQYzBsRFRXYxAB,,5.0,"Enak makananya, pelayanan nya bagus",2026-08-31T17:02:53
ChdDSUhNMG9nS0VJQ0FnTUN3NWVUZzdnRRAB,,1.0,"Sekelas mie gacoan gabisa qris diatas jam 9 malam, padahal di gacoan daerah lain bahkan 24 jam bisa menggunakan qris, untuk makan take Away cuman pakai wadah sterofoam bukan tempat makan yang wadah gacoan yang terbaru padahal di beberapa daerah lain sudah tidak menggunakan sterofoam, seperti di Bogor, Cibubur dll,",2026-08-31T17:02:53
Ci9DQUlRQUNvZENodHljRjlvT21OR1lUZHZSMmRhZVRCc1RFNWZWa0ZpZW1OR00wRRAB,,5.0,Tempatnya bagus elegant walaupun ramai ga brisik Cocok buat kumpul² acara apa aja makan di sini rekomenden banget sih,2026-08-31T17:02:53
Ci9DQUlRQUNvZENodHljRjlvT2tabVptTk9iWGh6Tm1aQ2QyRm9RamhrWldZdFJWRRAB,,5.0,tempat nya nyaman bersih dan pelayanannya ramah👍🏻,2026-08-31T17:02:53
Ci9DQUlRQUNvZENodHljRjlvT2xRMldFdDVhWHBtWm1ONlRrVXdibEZaUVZNMlEzYxAB,,5.0,Pelayanan nya cepat dan ramah,2026-08-31T17:02:53
Ci9DQUlRQUNvZENodHljRjlvT2w5dGRUVk1jR0Y2UTBWaVdFWlFWV3d5TlRkMmVsRRAB,,5.0,enak sekalii mantulll🥰 …,2026-08-31T17:02:53
ChZDSUhNMG9nS0VJQ0FnSUQ3aTdfVWFREAE,,1.0,PESAN DI ONLINE UDAH KENA PAJAK TIDAK MAKAN DI TEMPAT MASIH KENA PARKIR JUGA CIREBON BUKAN KOTA TILANG AJA TAPI KOTA PARKIR JUGA,2026-08-31T17:02:53
Ci9DQUlRQUNvZENodHljRjlvT2tveGJWZzFOM280TWxsWmVETkJWblIyYWpCUlEzYxAB,,5.0,"Makanan mjrah dan terjangkau, Tempat nyaman, pelayanan cepat👍 …",2026-08-31T17:02:54
Ci9DQUlRQUNvZENodHljRjlvT2pSbFkwaE5aVFl3Wld0b05GWlBjVjlKUlV3eWRXYxAB,,5.0,"pelayanannya sekarang sudah cukup bagus, dengan sistem waiting list",2026-08-31T17:03:22
ChZDSUhNMG9nS0VJQ0FnTUNJdkw3OEZREAE,,1.0,Pelayanan take away sangat lambat! Yang nge bungkusin lebih sering keliatan bingung daripada satset! Pesen ga banyak nunggu 1 jam lebih!,2026-08-31T17:03:23
Ci9DQUlRQUNvZENodHljRjlvT2tkWE0wWnlZMWRJUjNOWVFYWm5TMnRvU2s5b1VGRRAB,,5.0,"untuk yang bernama fathan dyo muhaby,semangat kerjanya,jangan capek capek,tetep semangat,kalo kamu capek istirahat saja,jangan dipaksain,aku selalu menunggu mu disini,semangat ya",2026-08-31T17:03:23
Ci9DQUlRQUNvZENodHljRjlvT25CaGFYcFhNM0l3ZEdOelRUWlRUWEJYUTJWNmRWRRAB,,5.0,Pelayanan nya sangat cepat,2026-08-31T17:03:23
Ci9DQUlRQUNvZENodHljRjlvT25CeGVtcHJOWE5XTWxkMlRGOTRXa1pCUzJWTFVHYxAB,,5.0,"pelayananya ramah,fasilitas bersih",2026-08-31T17:03:23
Ci9DQUlRQUNvZENodHljRjlvT2xJNGREQkJRMjR3Y1VGME0yeHNXREpSZWxOME4yYxAB,,5.0,Bagus tempatnya enak bersih,2026-08-31T17:03:23
ChdDSUhNMG9nS0VJQ0FnSUNuNlpyajJRRRAB,,1.0,Nomer meja 28 udah di meja no 28 suruh pindah karena belum di clear-up giliran pindah malah suruh pindah lagi dengan alasan krna kita cuma berdua trus ada customer lain 3org dan meja kita dikasih ke yg lain! Harus nya gaboleh gitu lah lu …,2026-08-31T17:03:23
Ci9DQUlRQUNvZENodHljRjlvT2s1V2MxSnRkSFIzUm0xbVRtcHpOVzkwU0VGZk1GRRAB,,5.0,Tempatnya enak untuk nongkrong dengan teman-teman Makanannya juga enak,2026-08-31T17:03:23
Ci9DQUlRQUNvZENodHljRjlvT25NemVFWjZOVE5aWlVkRFpXcHNTRVpqTldwWGRsRRAB,,5.0,Pelayanan baik dan makanan enak,2026-08-31T17:03:23
Ci9DQUlRQUNvZENodHljRjlvT25OeGIxWklVekJSVG1oSlRGQmZhMjk0UjBOR1JFRRAB,,5.0,mie gacoan nya enak sedap,2026-08-31T17:03:23
Ci9DQUlRQUNvZENodHljRjlvT21KbGREVlhZMTlTU3pOV2VXcEZabUpuWmxJMVFtYxAB,,5.0,makan bersama teman dan keluarga,2026-08-31T17:03:54
Ci9DQUlRQUNvZENodHljRjlvT21wdFptWlpWREJOWkVKcFkzQktXVUZhWm5kS1MyYxAB,,5.0,"Cepat, enaakkk",2026-08-31T17:03:54
Ci9DQUlRQUNvZENodHljRjlvT2tReE1TMWlUR3hYYkVWV2JWcHVTM2hmZDNkU1RGRRAB,,4.0,kulit siomay nya ada yang kerass,2026-08-31T17:03:54
Ci9DQUlRQUNvZENodHljRjlvT2t0S2NHNTRlRGRsU20xNlRuVTBZMlprYkVOVVFtYxAB,,5.0,enakkkk rekomen bgttt buat kesinii!!,2026-08-31T17:03:54
Ci9DQUlRQUNvZENodHljRjlvT2tkSVkwOUJWV3hZYlZjeVJGSkdUVVJ3ZFdKb1psRRAB,,5.0,"Pelayanan nya ramah, tempatnya bersih",2026-08-31T17:03:54
Ci9DQUlRQUNvZENodHljRjlvT25KUVMySllaM2xrT0dJeU5VNXdPVzl3WHpWdlRGRRAB,,5.0,Pelayanannya Ramah☺️,2026-08-31T17:03:54
Ci9DQUlRQUNvZENodHljRjlvT2psYU4zRXRjRkpoVDJnM1dVRmFjREp4YlhSM2IxRRAB,,5.0,"Mantapp,, pelayan nya sangat ramah,,tempat nya bersih dan nyaman",2026-08-31T17:03:54
Ci9DQUlRQUNvZENodHljRjlvT21oQ2J6SnFRVXQwWDJGdFRrRmpZVVJDY3pKZlEzYxAB,,5.0,Joss gandoss pelayanan terbaik,2026-08-31T17:03:55
Ci9DQUlRQUNvZENodHljRjlvT25wWFlsaGtVVGhxTW1GbFJYUk9UM2htYTJZMmJGRRAB,,5.0,tempat nya nyaman dan pelayanannya ramah,2026-08-31T17:03:55
Ci9DQUlRQUNvZENodHljRjlvT25aTVMzUjJlVWxuVlY5MmNtaDNkemt5Y1RWeWIyYxAB,,5.0,makanan enak dan pelayanan bagus,2026-08-31T17:03:55
Ci9DQUlRQUNvZENodHljRjlvT21kVVZ6bEtNblJYWWxsemMzb3hTM2RqZEZoRE4xRRAB,,5.0,"makanan nya enak, pelayanan nya cukup ramahh",2026-08-31T17:03:55
ChdDSUhNMG9nS0VJQ0FnSURQNUxEdWtnRRAB,,3.0,"ngga ngerti kenapa di cabang ini rasa mie nya lebih pedas dibanding cabang yang lain. biasa pesen lvl 2 di majalengka, aman. pas di cabang depan grage juga aman. pas pesen disini rasanya pedes bgt kaya bukan lvl 2. bahkan lvl 1 pun pedes bgt. entah ketuker atau emang racikannya berbeda saya gatau.",2026-08-31T17:03:55
Ci9DQUlRQUNvZENodHljRjlvT2sxeFkzQTJUR0ZNZGxoeldFcE5ZbUZaZVhBMGEyYxAB,,5.0,Rasa ny enak pedes,2026-08-31T17:03:55
Ci9DQUlRQUNvZENodHljRjlvT21KZk9IcDRSMHhVZDNSSVlqRldSVVJSVXpsZlNFRRAB,,5.0,pelayanan nya sangat ramah dan tempat nya nyaman,2026-08-31T17:03:55
Ci9DQUlRQUNvZENodHljRjlvT2tONGR6SktUVzlRVUZWUVNWSktNR0o1WVRkaVpHYxAB,,5.0,pelayanannya mantappp🔥👍 …,2026-08-31T17:03:55
Ci9DQUlRQUNvZENodHljRjlvT2tWNlZrc3lZazVpT0ZCeFprUmpTVVJFV0hGd2RtYxAB,,5.0,Mie gacoan Tuparev emang bner2 enak pelayanannya bagus cepat dan ramah 😍 …,2026-08-31T17:03:55
ChdDSUhNMG9nS0VJQ0FnSURId0xiWl9BRRAB,,2.0,"saya makan berdua bawa sendiri dari mie dll, terus liat orang lain makan berdua juga mienya dianterin cuma minum dll yg ambil sendiri. maaf emang baru pertama makan di tempat tapi ga terima ya mana nampan cuma satu isinya banyak, berat bjir",2026-08-31T17:03:55
Ci9DQUlRQUNvZENodHljRjlvT2pWWWEydGtiRWg0VUdGSlFYWkpjamxNY3pkbWRVRRAB,,5.0,"Tempatnya nyaman, rasanya enak, harganya sesuai kantong. Sarannya kedepannya bisa reservasi dan menyediakan tisue di setiap meja",2026-08-31T17:03:55
ChZDSUhNMG9nS0VJQ0FnSUQ3cGVDVU1nEAE,,4.0,"tempat nya strategis dan bagus, parkir nya luas, pelayanan oke, harga pas, cmn level pedas nya aja bisa di kuragin lagi ga?, biar yg lvl 1 ga terlalu pedes, karna ga semua orang suka pedes. …",2026-08-31T17:03:56
Ci9DQUlRQUNvZENodHljRjlvT2t4WlMyY3hhRXBoZUdkaWVuaHFjRU41VWxKWFgwRRAB,,5.0,Pelayanan nya cepat dan ramah,2026-08-31T17:03:56
Ci9DQUlRQUNvZENodHljRjlvT2tvMVUybFZaR050YUZKaVRtUTJjRGxwWkhNeFNuYxAB,,4.0,"Pelayanan ny sangat ramah ,minum ny kurng manis terus lumpia udang ny Mash banyk minyak nya",2026-08-31T17:04:27
Ci9DQUlRQUNvZENodHljRjlvT2pSUGEzaHFkVVpoTUVKdVNtWkVaM2t0V1RWTk5uYxAB,,5.0,"tempatnya nyaman, makananyaa enakkk, dan recomennded banget buat makan barengg sama temen",2026-08-31T17:04:27
Ci9DQUlRQUNvZENodHljRjlvT2kxNmJITTVhM1UzTTJGYVdISlhUMnBvYTBwZldHYxAB,,5.0,sangat bersih dan nyaman untuk nongkrong,2026-08-31T17:04:27
Ci9DQUlRQUNvZENodHljRjlvT2pkSE1XWmplSGQyU2psMVZYWnlXak5PVmxGUGIzYxAB,,5.0,"Termasuk murah & enak.karena rame jadi yaa rada suwe penyajiannya, apalagi minumannya",2026-08-31T17:04:27
ChZDSUhNMG9nS0VJQ0FnSUR2NDlEaUJ3EAE,,1.0,"Tanggal 23 Desember 2024, pukul 22:19 Tolong yang crew bagian bungkus makanan kalau kerja tuh jangan ngobrol aja, fokus, gila bener order gacoan lewat ojol kok gaada sumpitnya, mau makan pake apa, tangan, yakali makan mie pake tangan??",2026-08-31T17:04:27
Ci9DQUlRQUNvZENodHljRjlvT2xVd2FTMURSRVJ3VTNacVFqVk1jVXAxZVROR1VFRRAB,,5.0,pelayanan nya ramah enak juga tempatnya,2026-08-31T17:04:27
Ci9DQUlRQUNvZENodHljRjlvT21wM2JHRnBaWHB0Y1RBMWR6WlVjRXhtYzFSRE1YYxAB,,5.0,"enakk, layanannya mantap dan modern, pedessnya original",2026-08-31T17:04:27
Ci9DQUlRQUNvZENodHljRjlvT2s1d1NrZHhVM2hLWlZWZlF6RTVSSGxTU0dkdmRFRRAB,,5.0,Pemesanannya cepat praktis dan mantap,2026-08-31T17:04:27
ChZDSUhNMG9nS0VJQ0FnTURJdHNiU1R3EAE,,2.0,Baru kali ini saya ngerasain udang rambutannya kaya kurang matang daging nya agak bau bikin saya mual hambar juga biasanya saya beli tidak seperti ini tolong yaa min saya barusan beli di jam 21.00 ber4 orang,2026-08-31T17:04:27
Ci9DQUlRQUNvZENodHljRjlvT25CdFNFZFhPV3QzU1hwSlNYcFpjSEpaTkV0bWNrRRAB,,5.0,"Makanannya enak, pelayanannya oke, suasananya adem",2026-08-31T17:04:27
Ci9DQUlRQUNvZENodHljRjlvT25wNlEwSlVURGRITTNnM1FuWnpXbkJtWkRVM01GRRAB,,5.0,pelayabannya bagus banget,2026-08-31T17:05:07
ChdDSUhNMG9nS0VJQ0FnSURyOGVPSzJRRRAB,,1.0,"Karyawan plangan plongo. Awal dateng bkn nya ditanya mau dine in apa take away malah diem aja. Saya tanya ""Ka, dine in ya"" jawabnya malah ""boleh"". Alhasil pas di kasir mau pesen ditanya meja brp blm dpt dan disamperin lgi buat dine in malah disuruh waiting list padahal meja banyak yg kosong. Manager mohon dievaluasi lagi terkait SOP!",2026-08-31T17:05:07
Ci9DQUlRQUNvZENodHljRjlvT2pOT1JGVmhkbkF3Ymw5dk0xSkhkbXBKUkRZNVZVRRAB,,5.0,salah satu cabang gacoan yang enak si menurutku pelayanannya dan makanan nya juga.,2026-08-31T17:05:07
Ci9DQUlRQUNvZENodHljRjlvT2poSVQwbE5RMEl4Vld0dldWcHFiMDVLY3pCbk9YYxAB,,5.0,"pelayanannya ramah, makanannya juga enak dan sesuai dengan pesanan, pokoknya enak.",2026-08-31T17:05:07
Ci9DQUlRQUNvZENodHljRjlvT2xoTFgwSm9lakZTZFRKd1JWOXdPVTVzWWxwbVpXYxAB,,5.0,Makanannya enak banget adalah pokoknya.😁,2026-08-31T17:05:07
Ci9DQUlRQUNvZENodHljRjlvT2tsUExVYzVTRlV4TkhrdFFtMUtjM2xFTm5CT1JFRRAB,,5.0,"Pelayannya sangat cepat dan memuaskan, so recomended guyss",2026-08-31T17:05:07
Ci9DQUlRQUNvZENodHljRjlvT2s5c1NHWnNUVUZEUldkV2QyZGtWWEUxTFRaMWIyYxAB,,5.0,Mie nya enak banget poll poll,2026-08-31T17:05:07
Ci9DQUlRQUNvZENodHljRjlvT2tscWFGSjZjMUk0ZFZGQ2RrVnNkR2czT1ZSd2VtYxAB,,5.0,Bersih pelayanan sangat ramah,2026-08-31T17:05:07
Ci9DQUlRQUNvZENodHljRjlvT2paUlNIQlRiM2RTVlZVMmJGbEhkakJOUkRkVGRFRRAB,,5.0,"pelayanannya sangat ramah, makanannya cepat sampainya",2026-08-31T17:05:07
Ci9DQUlRQUNvZENodHljRjlvT21sNFZXNVFSWEpqWDFwNVYxaHBTREp3Tmxnd2RYYxAB,,5.0,"makanan nya sangat enak, tempat nya juga sangat strategis dan sangat nyaman rekomen deh untuk makan bareng keluarga dan teman"" kalian🥰🙏 …",2026-08-31T17:05:08
ChZDSUhNMG9nS0VJQ0FnTUNRdWF2NlBREAE,,4.0,Makanan mah rasa nya oke cuma dalam antrian lama ....harus menunggu eksta...sabar2 deh 😃😃😃,2026-08-31T17:05:47
Ci9DQUlRQUNvZENodHljRjlvT2toU00yTnhZV2RuU1ZKWFJYRkJORWxOUTFkMWJWRRAB,,5.0,"Pelayanannya ramah, orderan cpt di buat. Rekomen!!",2026-08-31T17:05:47
Ci9DQUlRQUNvZENodHljRjlvT2tKdldHOVFkR1JyZVVsVlFYWnVPWFZRTFRsWFUwRRAB,,5.0,"pelayanannya terbaik, gercep, keren pokoknya",2026-08-31T17:05:47
ChZDSUhNMG9nS0VJQ0FnSURyOXVTZFVREAE,,1.0,Nunggu jadinya makanan gacoan suwe pisan.,2026-08-31T17:05:47
Ci9DQUlRQUNvZENodHljRjlvT25VeFJtWkpiM3B2VnpadkxVdFdYM3AzVmpaWmJHYxAB,,5.0,Makanan enak pelayanannya juga ramah,2026-08-31T17:05:47
ChdDSUhNMG9nS0VJQ0FnSURYM2J5ODFBRRAB,,5.0,"saran saya buat sediakan minuman dingin di freezer barangkali ada yang mau dadakan beli minum tidak harus nunggu begituuu kakakkk, dan sediakan menu dessert yang manis manisss agar hari menjadi semanis ice cream yessss slebeww, terus harga nyaa jangan ganjil ganjil plccc susah ngitung, males ngitung ayo genapin harganyaaa",2026-08-31T17:05:47
Ci9DQUlRQUNvZENodHljRjlvT2w5dlpqUjZZVXM0UzNCS1QyaE9kRTVLZUc0NFpVRRAB,,5.0,Pelayanannya okeyyy banget,2026-08-31T17:05:47
Ci9DQUlRQUNvZENodHljRjlvT2w5NFNFMU9kbVZJVURjNVJETnpSMVozYlZoRFFXYxAB,,5.0,tempatnya luas enak,2026-08-31T17:05:47
Ci9DQUlRQUNvZENodHljRjlvT2pWUmFYaDJla1ZvWms5QlNGVTJZeTFYWmw5aWNHYxAB,,5.0,"makanannya enak, pelayanannya juga oke.",2026-08-31T17:05:47
ChZDSUhNMG9nS0VJQ0FnTUNBM00yNElnEAE,,3.0,"Parkirnya lumayan ya, 4000.",2026-08-31T17:05:47
Ci9DQUlRQUNvZENodHljRjlvT2s1MWFVOWZjVzlHZFV4blVFMU9TMEp3TWxwclFWRRAB,,1.0,"Toilet nya bau, pegai nya pun tidak ramah",2026-08-31T17:06:28
ChZDSUhNMG9nS0VJQ0FnSUNIbWYtTUJREAE,,1.0,"pesen dari jam 7 dateng jam setengah 9,yang baru dateng uda pada makan meja kita sendiri yang blm dateng,kalo ga bilang mah pasti ga di anterin makanannya,pesen mie gacoan yang dateng mie hompipa.",2026-08-31T17:06:28
ChdDSUhNMG9nS0VJQ0FnSUNQMXNha3dnRRAB,,3.0,Makannya oke dri pelayanan pas masuk oke cuma pas pengambilan makannan ada slah satu karyawan yg sangat amat jutek dan tidak ramah,2026-08-31T17:06:28
ChdDSUhNMG9nS0VJQ0FnSUNybmRmc3Z3RRAB,,1.0,"Lama, Biasanya lama diantri kasir. Ini lama juga di buat makanan, ketika ditanya ga ramah pelayanannya. Lebih mentingin yang di take away dr pada yang dine in. Amat sangat mengecewakan.",2026-08-31T17:06:28
Ci9DQUlRQUNvZENodHljRjlvT2xoa1kwdHdVVXRKWTFab1VUZFFURUpwYzNsaFFuYxAB,,5.0,"Tempat nya nyaman, bersih dan pelayanan nya juga baik .",2026-08-31T17:06:28
Ci9DQUlRQUNvZENodHljRjlvT210VE1YRTFiVFV6YjNrMmVYY3dYMnh6TjJ3MVJFRRAB,,5.0,"tempatnya nyaman, pelayanan sangat ramah 👍👍👍 …",2026-08-31T17:06:28
ChdDSUhNMG9nS0VJQ0FnSUR2cjdyZjR3RRAB,,1.0,"mie yang saya dapatkan belum matang, msh tepung dan msh menempel, mungkin karena keadaan yang ramai jadi kondisi makanan kurang di perhatikan",2026-08-31T17:06:28
Ci9DQUlRQUNvZENodHljRjlvT2t4RGNVRkhSRzlIYURKWWVUSXhXVTlpVmsxNlkxRRAB,,5.0,pelayanan bagus pegawainya juga ramah,2026-08-31T17:06:28
Ci9DQUlRQUNvZENodHljRjlvT25SVVVqQjRNblZ3UldreE5IZHZkVTB4VUZkcWRuYxAB,,5.0,"Tempatnya nyaman, pelayanan nya ramah",2026-08-31T17:06:28
Ci9DQUlRQUNvZENodHljRjlvT2pGM2JVMTBUMVJSUTBRMFpXZEthM1JMVUdZd2JtYxAB,,5.0,"BAGUSSS SERVICE NYAA, LOVEEEE! NYAMAN BINGITSSS",2026-08-31T17:06:28
Ci9DQUlRQUNvZENodHljRjlvT25kUlUzcENNbmxSY21kelQzWmZOMnQ2WTE4MWJrRRAB,,5.0,"larangan untuk merokok karena mengganggu, bisa tambahkan AC biar lebih nyaman",2026-08-31T17:07:06
ChdDSUhNMG9nS0VJQ0FnSUNudzlqSDhBRRAB,,1.0,Hari ini saya pesan saya sudah kasih uang karena saya ke gacoannya sama teman saya dan waktu itu bayar nya sekalian tapi beda pesanan jadi saya bayar terus bayar lagi sebesar 22 rb tapi kasirnya tidak memberitahu kepada saya saya baru ingat …,2026-08-31T17:07:06
Ci9DQUlRQUNvZENodHljRjlvT2trM1ZtUkpZVGN3ZVZSc1pFSlFOUzA0TUhFNFUwRRAB,,5.0,pelayanan good rasa jugaa enakk tempat nyaman,2026-08-31T17:07:06
Ci9DQUlRQUNvZENodHljRjlvT2s1SFlVVnZUVUZaYUZwMWQyaEhiRFJpTTNGVlRYYxAB,,1.0,Karyawannya sangat tidak ramah,2026-08-31T17:07:06
Ci9DQUlRQUNvZENodHljRjlvT2s1aGEyNVZhbUp1VUdSeVExTndhVFZwVGxjMFZtYxAB,,5.0,josss bngt pelayanan nya jga memuaskan,2026-08-31T17:07:06
Ci9DQUlRQUNvZENodHljRjlvT2pCRFRHRTVjVUZQTkdOUU9HRmhhVFZQYjFjeGVYYxAB,,5.0,bagus secara pelayanan dan rasa makanan juga enak,2026-08-31T17:07:07
Ci9DQUlRQUNvZENodHljRjlvT21ZMk1WOVVlVXRCYVhsM01USXRlRlJZZGtOMVJHYxAB,,4.0,the best pokonya mah🤟🏻😻,2026-08-31T17:07:07
Ci9DQUlRQUNvZENodHljRjlvT21RMGFVTk5VSFkzZVVablpGTlZRVlV5V2xSTlVHYxAB,,5.0,"sangat enak sekali makan disini, saya dan teman teman saya sngt suka",2026-08-31T17:07:07
Ci9DQUlRQUNvZENodHljRjlvT2xKVVJGSmhhWG94UzA4NGJYZEphR2RmVEd4WWIxRRAB,,5.0,Pelayanan nya baik dan ramah,2026-08-31T17:07:07
Ci9DQUlRQUNvZENodHljRjlvT2pFeVQyZEVjMWt0U0dGUlJqQmthRTE1YW1Wak9FRRAB,,1.0,Tolong perbaiki layanannya lagi. Terutama yg namanya rizky. Judes jutek bikin mood makan ilang,2026-08-31T17:07:07
Ci9DQUlRQUNvZENodHljRjlvT2xrMVlVNVRTeTA0WVVZM1puaEtZbVpFUlZCSlNrRRAB,,5.0,The best makanan nya 👍 …,2026-08-31T17:07:07
ChdDSUhNMG9nS0VJQ0FnTURBejZUU2h3RRAB,,1.0,"Minimal kalo marahin karyawan itu pas ditempat sepi atau pengunjung lagi gak ada, lah ini malah marahin karyawan sampe"" Mengganggu pengunjung, jadi gak mood makan.",2026-08-31T17:07:07
Ci9DQUlRQUNvZENodHljRjlvT2pKaVFrbEdha1pyU0VKWFRYQlpVbWhyYmxOSmVFRRAB,,1.0,"order udah sejam belum jadi juga, parah banget servisnya bener bener buruk!!!",2026-08-31T17:07:07
Ci9DQUlRQUNvZENodHljRjlvT2xGTlJXaEhiSFJwU1VOSVlVdFpTVlJhVkVKNE5YYxAB,,5.0,"Enakkk tmn nya nyaman, murah",2026-08-31T17:07:07
Ci9DQUlRQUNvZENodHljRjlvT2tGblZHbGZTMlY2UjBaYWMzQnllbGszVlRsUVpsRRAB,,5.0,"Tempat nya nyaman, adem makanan nya enak semuaaa",2026-08-31T17:07:07
Ci9DQUlRQUNvZENodHljRjlvT25OYWFIVlVWSEV3TUhoaFpXWkRWRzlTUkhWVFEwRRAB,,5.0,"Tempat nya nyaman, pelayanan nya juga ramah",2026-08-31T17:07:08
ChdDSUhNMG9nS0VJQ0FnTUNJd2Q2bndBRRAB,,2.0,"Pelayanan dimsumnya aga lama, metode antriannya harus diperbaiki lagi, belajar dari gacoan yang mesannya memakai barcode",2026-08-31T17:07:08
Ci9DQUlRQUNvZENodHljRjlvT25KTlMxUjZTalZwYnpCME1rODJiVWhTUjJoM2JHYxAB,,5.0,pelayanannya cepat dan staf nya baik. mantapp,2026-08-31T17:07:08
Ci9DQUlRQUNvZENodHljRjlvT2taaU5sTlVZV0ZxUzJSZmRrdFpOMHBVTWs5QlJFRRAB,,5.0,pelayanannya cepat dan bagus,2026-08-31T17:07:08
Ci9DQUlRQUNvZENodHljRjlvT2pKUFJXNDJNMUJ1VEdsT1ZsZGZNMUJ0ZVZGUWEzYxAB,,5.0,oke mantap pelayanan,2026-08-31T17:07:08
ChdDSUhNMG9nS0VJQ0FnTUNnMnJIVXRnRRAB,,1.0,Paraaaaaaahhh bangeeetttt...saya penikmat mie gacoan jadi bukan baru beli satu dua atau tiga kali tapiiii sering banget beli..cuma lamaaaa bangeeeetttt dilayanin nya..nunggu sampe 2jam masih blm selesai juga pesenan saya..klo blm bayar udah saya tinggal dr td,2026-08-31T17:07:48
ChdDSUhNMG9nS0VJQ0FnTUNBLWJmdDN3RRAB,,1.0,"pelayanan nya buruk,masa gua udah nunggu sejam,ternyata pesenannya malah dikasi ke meja lain, pp bb",2026-08-31T17:07:48
Ci9DQUlRQUNvZENodHljRjlvT2xkbGVXbHdaVUZoVTFwdGNEbEZSamx1YVc5MFNHYxAB,,5.0,Pelayanan nya sangat baik,2026-08-31T17:07:49
Ci9DQUlRQUNvZENodHljRjlvT2xWMWJIUmZhVkJoWWtkQlRFMVZNRlV4VDBWeE9HYxAB,,5.0,pelayanan nya cepat,2026-08-31T17:07:49
ChdDSUhNMG9nS0VJQ0FnTUNJN29Ia3RRRRAB,,5.0,"Tempatnya ok, makanan ok, cuma kalau bulan puasa ga ada pemberitahuan sudah waktunya buka puasa (magrib)",2026-08-31T17:07:49
ChZDSUhNMG9nS0VJQ0FnSUNfN2JmeUVnEAE,,4.0,"pelayanan disini cepat meskipun sedang penuh, makanannya enak!",2026-08-31T17:07:49
ChZDSUhNMG9nS0VJQ0FnSUNQZ00zTFVnEAE,,1.0,"Sedikit kurang enak di lihat, Karyawan kurang Grooming, Salah satu karyawan ada yg terlihat Pacaran saat jam Kerja, Sedikit lebih di tegas n lagi, Untuk SOP Kerja nya",2026-08-31T17:07:49
Ci9DQUlRQUNvZENodHljRjlvT2xaM1VqSlZRekJmT1ZZMU5qaEtTa0pQWDNRM1JXYxAB,,5.0,Pelayanannya cepat,2026-08-31T17:07:49
Ci9DQUlRQUNvZENodHljRjlvT2xac2VYZE1Xa1ZQUzNab00zSnBYell0V1RoaFpHYxAB,,5.0,"enak, nyaman pokoknya best",2026-08-31T17:07:49
Ci9DQUlRQUNvZENodHljRjlvT2tkZlJqVkZhbDl2T0c1RGFrZHpWbVV3YWxWdmJGRRAB,,5.0,Makanan enak dan minuman nya seger. Pelayanannya ramah,2026-08-31T17:07:49
Ci9DQUlRQUNvZENodHljRjlvT2s1dVRGZElRWFIzV21sT1JGSTJjbXhWWmxwVFRtYxAB,,5.0,Cepet bgttt Mie nya enak bgttttt,2026-08-31T17:08:36
ChZDSUhNMG9nS0VJQ0FnSUNuenR6RmFREAE,,5.0,"Ini tempat barunya Lebih luas, parkirannya juga gampang ga kaya dulu di grage bingung Pelayanan nya juga sudah lebih baik, tapi tetap harus di tingkatkan lagi Kalau untuk rasa jangan di tanya selalu nmor 1",2026-08-31T17:08:36
Ci9DQUlRQUNvZENodHljRjlvT21jeWREYzFZa1pJVmpSemVFcDJWM28wYlRaUlJIYxAB,,5.0,sangat ramah² para pelyanannya,2026-08-31T17:08:36
Ci9DQUlRQUNvZENodHljRjlvT21KbVIzTTBhbmxJYVdabVkyZEJUbGxCUmkxdmNIYxAB,,3.0,"siomay nya adem padahal barengan sm udang keju datengnya, udang kejunya panas tapi oke laa enak 👍🏻 …",2026-08-31T17:08:36
ChZDSUhNMG9nS0VJQ0FnTUR3Z3BLMkVnEAE,,1.0,"pelayanan lama banget, yang baru dateng 15 menit udh di layanin sedangkan yang udah nunggu 1 jam lebih, ga di layanin. nunggu komplain dulu baru di layanin.",2026-08-31T17:08:36
Ci9DQUlRQUNvZENodHljRjlvT21ab2NVbzNWV2czWm14Rk9VeE5Sa2hHVFVSMFdXYxAB,,5.0,"Disini pelayanan nya ramah,oke, bersih juga, pokoknya the best deh!!!",2026-08-31T17:08:36
Ci9DQUlRQUNvZENodHljRjlvT21jNWVWWk5OVVZKTUVJM2RFTTBWako1ZVc5V1RrRRAB,,3.0,Buat pekerja yg sift malem yg ngelayani take away tolong di perhatikan lagi ya pesanan nya. Terimakasih🙏🙏🙏,2026-08-31T17:08:37
Ci9DQUlRQUNvZENodHljRjlvT2xCbVdVSm5NSEJFYW1kV2NVOW1aVVV4YzNGSmQxRRAB,,2.0,"saya pesan nya berapa di bill nya mlah lebih dri itu gimn si, lain kali konsentrasi buat mas² nya.",2026-08-31T17:08:37
Ci9DQUlRQUNvZENodHljRjlvT20wMVJGZEhPR2w0Y2tSc2FXbFFObTlRU1hkU05sRRAB,,5.0,Makanan nya enak bangett saya suka pelayanan nya ramah😙,2026-08-31T17:08:37
Ci9DQUlRQUNvZENodHljRjlvT2pGdGNsOXdkR2gwVTNOeFpVcG1iV05WTldKclJuYxAB,,5.0,pelayanannya baik ramah,2026-08-31T17:08:37
Ci9DQUlRQUNvZENodHljRjlvT2pkc1owWnVWbmN3UlZWYU5EVkdaRU5sVW5jeVNIYxAB,,5.0,"pelayannya lebih ramah lagi ya, senyum kalau bisaa hehe",2026-08-31T17:09:21
ChZDSUhNMG9nS0VJQ0FnSURyMkpMYUt3EAE,,1.0,"Hr ini Pembelian Via grab total 6 item, diterima 5 item (kurang 1 item lumpia udang) Tggu sampai 1 jam lebih.. …",2026-08-31T17:09:21
Ci9DQUlRQUNvZENodHljRjlvT2xoVGR6STJkbloyVEdSWU0zRmtlblpSVDFWS00yYxAB,,5.0,Pelayanannya baik ramah wajib di coba si mantap,2026-08-31T17:09:21
Ci9DQUlRQUNvZENodHljRjlvT2tNeVNVNXVRaTB3ZFRGUVNXaHJWVjlEY2kxTlUxRRAB,,5.0,pelayanannya baik Suasana oke Makanan enakkk poll,2026-08-31T17:09:21
Ci9DQUlRQUNvZENodHljRjlvT205emFEbFBSbFZpY1cxRFNrbE5Zak5pYUhoaGFXYxAB,,5.0,"saya sangat senang dateng ke mie gacoan tuparev ini, pelayanan nya ramah",2026-08-31T17:09:21
Ci9DQUlRQUNvZENodHljRjlvT21wb2QyZERlbHBGWm5Wd01XVkJiRlpYYzBaTWNsRRAB,,5.0,makanan enak pelayanannya bagus,2026-08-31T17:09:21
Ci9DQUlRQUNvZENodHljRjlvT2pCcGJtWm5kM0UzVTJOVU5uY3lOR2huWWs5aVgwRRAB,,5.0,"Pelayanan nya bagus,kurang musik doang s hehe",2026-08-31T17:09:21
ChdDSUhNMG9nS0VJQ0FnSURyLTlmUmpnRRAB,,1.0,"Pelayanan yang tidak ramah, ketika bersih bersih dan beresin meja tempat makan selalu ribut dan berisik bikin makan tidak nyaman dan tenang, terkesan kaya disuruh untuk buru buru keluar",2026-08-31T17:09:22
ChdDSUhNMG9nS0VPejRrUER1bmFQVi1BRRAB,,5.0,"Tempat cocok buat naikkin moodbooster. Apalagi kalo lagi pengen yang seger seger pedess, beuhhh mantul👌",2026-08-31T17:09:22
Ci9DQUlRQUNvZENodHljRjlvT2sxMUxUUTNaMVZxU2xZeVZWVnVVVjl1ZVdWd1dYYxAB,,5.0,"pelayanannya baik, rasanya jg enak, everything is good👍🏻 …",2026-08-31T17:09:22
Ci9DQUlRQUNvZENodHljRjlvT21kdmJqaFNlVkJOV0dReVlXTm5TRVJoWlRKd1VuYxAB,,5.0,"pelayannya ramah, tempat nyaman, dan mie gacoanya nya enak",2026-08-31T17:09:22
ChdDSUhNMG9nS0VJQ0FnSURuOFBDQTZ3RRAB,,5.0,"Emang best banget Mie gacoan ini, sangat sangat worth it. 👍🏻👍🏻👍🏻👍🏻👍🏻 …",2026-08-31T17:09:22
Ci9DQUlRQUNvZENodHljRjlvT2pkRldHdEVlRTlCVjBaM1gxZHBlbGhIU0RGNVZIYxAB,,5.0,makanannya enkk layanannya baguss suasnanya sejuk sekali,2026-08-31T17:09:22
Ci9DQUlRQUNvZENodHljRjlvT201d1EzVllkVUZWTFZKRU4xbDJiVkF5UzFwT05FRRAB,,5.0,gapernah kecewa sama pelayanan gacoan,2026-08-31T17:09:22
Ci9DQUlRQUNvZENodHljRjlvT2xWRFRtbGtjVVJJUzA1MkxXUmpNMnhDTUVsdk4wRRAB,,1.0,"SEMOGA DIBACA OLEH MANAJEMEN GACOAN NYA YAH. SAYA DAN PACAR SAYA MEMBELI GACOAN KARENA RAMAI PACAR SAYA YG NUNGGUIN KARENA SAYA MAU PERGI BELI OLI DI BENGKEL,PAS SAYA BALIK LAGI SAYA BERHENTI DI DEPAN …",2026-08-31T17:09:22
ChZDSUhNMG9nS0VOV2RzNWYzak5QY0hREAE,,5.0,"pelayanan ramah, tempat nyaman rekomended banget deh😍 …",2026-08-31T17:09:22
ChZDSUhNMG9nS0VJQ0FnTUR3eTZ2TE13EAE,,5.0,Mie nya enak yang level satu nya juga enak ada rasa gurih nya dimie nya terus udang rambutan nya keriuk sama udang keju nya keju nya meleleh rasanya enak banget,2026-08-31T17:09:23
Ci9DQUlRQUNvZENodHljRjlvT25KSWVWWmhaVWx6YzFodVdVOVJTVzVLT0dscmFrRRAB,,5.0,pengalaman yang bagus mantap,2026-08-31T17:09:23
Ci9DQUlRQUNvZENodHljRjlvT2paVVRYTkNWbmxKYm1wWWMxTlNZVFJrTjFVM2MxRRAB,,5.0,Makanannya enak dan layananya puas,2026-08-31T17:09:23
Ci9DQUlRQUNvZENodHljRjlvT25SQlgwVnFaRXhCWDNsSFkwZFJhMlJpYzNkTFZWRRAB,,5.0,rasaa enak dan pelayanan nyaa lebihh cepat dri pada sebelum nyaa👍👍 …,2026-08-31T17:09:23
ChdDSUhNMG9nS0VNcm5nN2JfZy1uR2l3RRAB,,5.0,"pelayanannya ramah, mie nya enakk udang keju nya jugaa enaak dan disajikan tepat waktu",2026-08-31T17:10:09
Ci9DQUlRQUNvZENodHljRjlvT2toVVRUaFRTRVJ1TVZvMlRuTm1jRlUzUjI5TFdFRRAB,,5.0,Makanannya enak sekalii pelayanannya ramah pelayanannya cepat mas ganteng ganteng Terima kasih,2026-08-31T17:10:09
ChZDSUhNMG9nS0VJQ0FnSUNQeXFXbk13EAE,,5.0,tempat nya nyaman pelayanan nya baik dan ramah makanan nya ga kalah enak,2026-08-31T17:10:10
Ci9DQUlRQUNvZENodHljRjlvT20xSWFsQnBSSFZqTTJoTmVtRmtRbUo1UTFFMWEzYxAB,,5.0,pelayan cepat dan bagus,2026-08-31T17:10:10
Ci9DQUlRQUNvZENodHljRjlvT2t4R0xVNDJNMEpmVTFscVVuTnBlVWhaV25oV1oyYxAB,,5.0,"pelayanan nya bagus, tempat nya adem",2026-08-31T17:10:10
Ci9DQUlRQUNvZENodHljRjlvT2t4bFJIcGxMVWhmVjNWU1VYZDFaVXRxU0cxTFUyYxAB,,5.0,"Mie nya enak! recommend bgt!,trs suasananya juga enak adem.",2026-08-31T17:10:10
Ci9DQUlRQUNvZENodHljRjlvT2tsZmFsZDVPRTFPV25Nd1dtMTZUV3BtUmtrelduYxAB,,5.0,"pelayanan nya rameh bgt,",2026-08-31T17:10:10
Ci9DQUlRQUNvZENodHljRjlvT21sTWQwdFlXbU55ZWs5ak1HZHpaMWxwUkRjdFZuYxAB,,1.0,"enak sekali pedessnya jga mantap, udang kejunya si paling best",2026-08-31T17:10:10
ChdDSUhNMG9nS0VJQ0FnSUN2c1lYSDJnRRAB,,5.0,"Buat semuanya sih oke ya, yang gak oke tuh tukang parkirnya. Cuma Nerima duitnya doang tapi gak mau bantu nyebrangin, banyak orang susah nyebrang pun dia diem aja 😵‍💫 …",2026-08-31T17:10:10
Ci9DQUlRQUNvZENodHljRjlvT21SeWVVTnBkRTFYU1dkbk4xVldZa3gzY0dzNFpVRRAB,,5.0,"Pelayananya cepat, respon baik.",2026-08-31T17:10:10
Ci9DQUlRQUNvZENodHljRjlvT25kbFgweHBWWEYxZDFwTloyaDFOMWN6TkZveFkwRRAB,,5.0,pelayanan keren dan makanan sesuai,2026-08-31T17:11:04
Ci9DQUlRQUNvZENodHljRjlvT2s1b04zQnRaMEZuVmpSVmRURTVhazlDVFhOSFRVRRAB,,4.0,"tempat nya lumayan luas🤗 pelayanan nya sangat cepat,pelayan nya jga ramah ramah☺️ …",2026-08-31T17:11:05
Ci9DQUlRQUNvZENodHljRjlvT25CVlVuUTVTMHB0VjNOTE0xUkhibVpuVmpjMVFVRRAB,,5.0,enak nyaman tempatnya,2026-08-31T17:11:05
ChdDSUhNMG9nS0VJQ0FnSUNIN282V2pnRRAB,,5.0,makanan: terkadang rasa pedas nya tdk sesuai level yg spt biasanya pelayanan memuaskan …,2026-08-31T17:11:05
ChdDSUhNMG9nS0VLclRpcVNPOWNyOTFnRRAB,,1.0,Nunggu makanan 1jm blm jdi..pdhal sepi blm rame2.. pelayanan kurang bgus kacau,2026-08-31T17:11:05
Ci9DQUlRQUNvZENodHljRjlvT25KTlRtZFJVWHBvV1hKNFRXSnhPRFl0U0RWWU1rRRAB,,5.0,Mantaaap pelayanannya baik banget cell nya ganteng bnget mau saya nikahin 😍😍🥰 …,2026-08-31T17:11:05
Ci9DQUlRQUNvZENodHljRjlvT21sbWVFeHBZazlyVFRReVFsaFhiVlJxVjFocmNuYxAB,,5.0,"Makanan nya enak, tempatnya juga rapi, pelayanan nya bagus sekali, staff nya ramah",2026-08-31T17:11:05
ChdDSUhNMG9nS0VJQ0FnTUR3NFBhT29RRRAB,,1.0,"Tolong lebih teliti dan hati hati. Mesen level mie gacoan nya ngawur, ga jelas. Mesen level 1 kaya level 3,dan itu bukan hanya satu kali kejadian tersebut, tolong ya.",2026-08-31T17:11:05
Ci9DQUlRQUNvZENodHljRjlvT2xsWmRHVXRibDlLT0MxSmNubDFORjlpV2pSdlNFRRAB,,5.0,"Pelayanan cepat, tempat nyaman",2026-08-31T17:11:05
Ci9DQUlRQUNvZENodHljRjlvT2tseU5rTk9UWGMwVVVwd04xRlBOMnAzWVY5NFFYYxAB,,5.0,harga murah pelayanan berkualitas,2026-08-31T17:11:05
Ci9DQUlRQUNvZENodHljRjlvT21kR1lucEhPRXBGYTNaZkxUVTBZM0pxWWxReVoxRRAB,,5.0,"nyamann sih tempatnyaa, pelayanan okee juga",2026-08-31T17:11:58
Ci9DQUlRQUNvZENodHljRjlvT25WSFdVTkVYM0JuUmtaQmJqWlRjRWwyUmpNNExXYxAB,,5.0,"mie nya enak ngga kering, dimsumnya masih panas👍🏻👍🏻👍🏻",2026-08-31T17:11:58
Ci9DQUlRQUNvZENodHljRjlvT25CZllXOXhVR001U3pSb1F6SmhkRTVRVm1oQlJsRRAB,,5.0,Sangat nyaman & pelayanan sangat ramah,2026-08-31T17:11:58
Ci9DQUlRQUNvZENodHljRjlvT2pGMlpuVnJiREZ1YUdwWFl6VlBibkp1Y2xsVmVGRRAB,,5.0,Pelayanan nya sangat cepat,2026-08-31T17:11:58
Ci9DQUlRQUNvZENodHljRjlvT21wd1dqRjNVbU10ZDA5TVVYUTVaR3RHV1dGWGNFRRAB,,1.0,SISTEM EROR SAMPE BERJAM².,2026-08-31T17:11:58
ChdDSUhNMG9nS0VJQ0FnSUMzblpTRWd3RRAB,,5.0,"pelayanan cepat dan ramah, makanan enak, super worth it!!",2026-08-31T17:11:58
Ci9DQUlRQUNvZENodHljRjlvT2tWNVJHMHhRMDV2VTI5cFUwVlFNekp6UlVORFdVRRAB,,5.0,enak nyaman tempat nya dan pelayanan nya ramah,2026-08-31T17:11:59
ChdDSUhNMG9nS0VJQ0FnSUNILV9ud3FnRRAB,,1.0,Lama banget minum sama dimsumnya👎👎 …,2026-08-31T17:11:59
Ci9DQUlRQUNvZENodHljRjlvT2twRE1uaFpaa1J3WkdObGVXOXdOa0ZEVm5acmFFRRAB,,4.0,Service nya oke dan tempat nya ramai,2026-08-31T17:11:59
Ci9DQUlRQUNvZENodHljRjlvT2twUWFXaDRUazFxU25GclVrbDNhamxYWlVzMFMyYxAB,,5.0,pelayanan nya baik bgt,2026-08-31T17:11:59
Ci9DQUlRQUNvZENodHljRjlvT2xCc1QwUmpWSEJpUjBkdlltSlRhWGxWTlV3eWMwRRAB,,5.0,sangat nyaman pelayanan bagus,2026-08-31T17:11:59
Ci9DQUlRQUNvZENodHljRjlvT2pkM2VYTnZiM0JsTWtSUGVVMDJOVmxMU3poQlowRRAB,,5.0,sangat senang dan makanannya enak,2026-08-31T17:11:59
Ci9DQUlRQUNvZENodHljRjlvT2swMUxUQXhOamRCVERKT0xTMHdVWE42WVdsWVZHYxAB,,5.0,makanannya enak pelayanannya juga ramah,2026-08-31T17:11:59
Ci9DQUlRQUNvZENodHljRjlvT2pSVlVFVnRWVUZmWmxRMWREZEpjSGxhZFdwMFNWRRAB,,5.0,"Enak banget, nyaman, pelayanan ok, worth to try!!!",2026-08-31T17:11:59
Ci9DQUlRQUNvZENodHljRjlvT2tKR1RWSktjVk0xY1hSVVYxZFViVGQyT0RoWGJtYxAB,,5.0,ujang kedu nya enak banget,2026-08-31T17:11:59
ChdDSUhNMG9nS0VJQ0FnSUNIOFBIN3FRRRAB,,5.0,"Tempatnya nyaman dan bersih suasana baru,dan pelayanan yg sangat bagus",2026-08-31T17:12:00
Ci9DQUlRQUNvZENodHljRjlvT2xGRGF6TnJRM2xoUkhWaFRUSk9SVTFZUldoSFQxRRAB,,5.0,pelayanannya baik dan cepat,2026-08-31T17:12:00
Ci9DQUlRQUNvZENodHljRjlvT2pacVIyWndiVzlYZEdwNWVYRkhUemxZUzJwb09YYxAB,,5.0,"Walau ga makan d tempat, tapi makanya tetap enak...",2026-08-31T17:12:00
Ci9DQUlRQUNvZENodHljRjlvT2pkNlJsTndYelZwTnpCNloweG9YMmx0YzBsa2NrRRAB,,5.0,"Pelayanan nya baik,mantap",2026-08-31T17:12:00
Ci9DQUlRQUNvZENodHljRjlvT21rMGVsVkVhbTVIWlhsUk1qQXdlR1ptTmsxa1NVRRAB,,5.0,Bagus pelayanannya suka,2026-08-31T17:12:00
Ci9DQUlRQUNvZENodHljRjlvT25adlZUZzNVM296UlRkWFowY3hja2szTkRWd01uYxAB,,5.0,"pelayanannya cepat sih, enak buat ngobrol sama temen",2026-08-31T17:12:49
Ci9DQUlRQUNvZENodHljRjlvT25CS00xUnFSVXBHU1VWVWJ6UlRUV3d3YkV4cVluYxAB,,5.0,"Worth it langsung keyang, mantap",2026-08-31T17:12:49
Ci9DQUlRQUNvZENodHljRjlvT21OcE1UWkdTbU5UWlVFd2JEWllWWE4zVUc1VmQwRRAB,,5.0,"Harga murah tapi rasa ngga murahan, walaupun banyak bermunculan mie sejenis tp mie gacoan tetep juaranya",2026-08-31T17:12:49
ChZDSUhNMG9nS0VJQ0FnSUNQbU5MTlpnEAE,,5.0,"tempat nya bersih dann nyaaamannnn, dan enakk sekalii, kalllliannnn harus kesini pkoknyaaaa, harganya. terjangkau",2026-08-31T17:12:49
Ci9DQUlRQUNvZENodHljRjlvT2toaWVuaG5iM0JIWTJSVE9GcEtiSEZwZWtSRlZtYxAB,,5.0,makanan nya enak tempat nya bersih pelayanan cepat dan tempatnya family friendly,2026-08-31T17:12:50
ChZDSUhNMG9nS0VJQ0FnSUNuem9PbktnEAE,,5.0,"Tempat yang sekarang lebih strategis, lebih bagus, parkiran luas Untuk masyarakat kabupaten lebih Deket Pelayanannya cepet, makanan juga enak untuk harga worthit",2026-08-31T17:12:50
Ci9DQUlRQUNvZENodHljRjlvT2toRWNVdEtOMmhOVDAxeVYwOUJlVVJzUkdoVVZIYxAB,,5.0,"makanan dan minuman nya enak, pelayanan nya juga the best lah👍 …",2026-08-31T17:12:50
Ci9DQUlRQUNvZENodHljRjlvT2pST1QyUm9OMEpSYWkxQmVtaGlRVXR0ZDJrdFRsRRAB,,5.0,"maaf yaa td bcr tp ga sempet bersiin kursinyaa, maaf bgt bener bener ga kepikiran lagii grgr bcr parah, maaf yaaa🥲 …",2026-08-31T17:12:50
Ci9DQUlRQUNvZENodHljRjlvT25kdlZsWnFja0ZVVGpkTldFOVdXRGhZU25BemRHYxAB,,5.0,"pelayanannya cepat, porsi nya cukup memuaskan",2026-08-31T17:12:50
Ci9DQUlRQUNvZENodHljRjlvT2psS05VSlJiM1J3Ym14MWVEUkZMVXhRZUZsQ1pWRRAB,,5.0,pelayannya oke semua ramah ke pelanggan,2026-08-31T17:12:50
ChZDSUhNMG9nS0VJQ0FnTUR3Z3VDYlJREAE,,5.0,"Pelayanan nya ramah banget, gercep banget kalo ada komplain Tempat nya juga enak nyaman, bersih, adem",2026-08-31T17:13:45
Ci9DQUlRQUNvZENodHljRjlvT2t4R2NWTm9ObmhEWDBORVgwc3dhbFIxUVhFelVXYxAB,,5.0,terarah dari depan hingga ke table membantu customer tidak bingung pilih table,2026-08-31T17:13:46
Ci9DQUlRQUNvZENodHljRjlvT25veWNVZGpOR3cyZWpremVrSjBaazFuT0VOZlgxRRAB,,5.0,Kerenn bangett pelayanannya juga baguss gk ada kritik sii itu doang,2026-08-31T17:13:46
ChZDSUhNMG9nS0VJQ0FnSUNQeW8ycGNREAE,,5.0,enak banget makanan sejutaaa umat harganya mumerzzzz cocok juga buat nongkrong sambil mam udang kejuuuu😻,2026-08-31T17:13:46
ChZDSUhNMG9nS0VJQ0FnSURfNzYtSUtREAE,,5.0,"Tempat nongkrong,makan dan jajanan yg selalu rame...rasa enak... tempat bersih...ya tapi siap2 kalo disini antri yg panjang...mantap",2026-08-31T17:13:46
Ci9DQUlRQUNvZENodHljRjlvT2xGcGMyOVhha2xSZDJKV05rcDVlbE5sVUd0bFpuYxAB,,5.0,"Pelayanan ramah, tempat enak",2026-08-31T17:13:46
ChZDSUhNMG9nS0VJQ0FnSURmdVp1dUF3EAE,,5.0,makanannya enak pelayanannya sangatt okee,2026-08-31T17:13:46
Ci9DQUlRQUNvZENodHljRjlvT2s5c1FrRlFPRXAwWTBoMk9YTlpVVXhtZDJ4Q00wRRAB,,5.0,"mantap pelayanan nya, suasana nya adem",2026-08-31T17:13:46
ChZDSUhNMG9nS0VJQ0FnTUN3NGVTZVV3EAE,,5.0,"Pelayanan nya baguss dan ramah sekali, tempatnya rapih dan kerennn",2026-08-31T17:13:46
Ci9DQUlRQUNvZENodHljRjlvT2toMlpVRkNXVW94U2paTVpYRkhRVkkxWjFkRGQwRRAB,,5.0,pelayanannya bagusssssss,2026-08-31T17:13:46
ChdDSUhNMG9nS0VJQ0FnSUNIa3RXbGx3RRAB,,5.0,"Mie Gacoan nya kadang kecapnya banyak kadang dikit, saya suka beli lv2 kadang pedes nya pas ladang pedes bgt. Utk kedepannya mohon dipertimbangkan kembali resepnya🙏🏻",2026-08-31T17:14:45
Ci9DQUlRQUNvZENodHljRjlvT20xR1MyTnhhSGhyUTBVM01FNXhTelpaYkdGRFZXYxAB,,5.0,"Suananya nyaman, makananya enak. Pelayanan ramahh.",2026-08-31T17:14:45
Ci9DQUlRQUNvZENodHljRjlvT2xsNGIwOUhVa2x2VVROU05sZHFUbGxXUlVreWRVRRAB,,5.0,"Pelayanannya cepat, makanannya enak, parkirnya luasss",2026-08-31T17:14:45
Ci9DQUlRQUNvZENodHljRjlvT2taa1NrVndMV0Z2ZGpsR2RsRk1jVEUyYVc5WGJtYxAB,,5.0,mie nya enak dan kenyal,2026-08-31T17:14:45
ChdDSUhNMG9nS0VJQ0FnTURvN3Nldy1nRRAB,,5.0,mie nya enak walaupun rame pelayanan tetap fast min panas ya kalo siang apa lagi parkirannya luas tp panas....,2026-08-31T17:14:45
Ci9DQUlRQUNvZENodHljRjlvT2pkdGQzRldjMnQyZFUwNFNVdGpUSEpyTkVWaWExRRAB,,1.0,pelayanan lama banget,2026-08-31T17:14:45
Ci9DQUlRQUNvZENodHljRjlvT2pSbWJFeDJNbEJxU2paQll6QkZZV3BGYkhCV2EwRRAB,,5.0,suasana nya enak adem makanan dan pelayanan nya juga bagus,2026-08-31T17:14:45
ChZDSUhNMG9nS0VJQ0FnSURuNGNLMUtnEAE,,5.0,"Makananya enak , pelayanannya juga baik,suasana nyaman bersih juga",2026-08-31T17:14:45
Ci9DQUlRQUNvZENodHljRjlvT2tkS2NVUmZaMFo1T0VoUVJFdHJWa0ZMTjJsak4yYxAB,,5.0,"sangat yummy dan pelayanannya sangat baik sekali, semoga makin jaya jaya!!",2026-08-31T17:14:46
ChdDSUhNMG9nS0VJQ0FnTUNRcktHSW1nRRAB,,5.0,"pelayanan cepat, nyaman makan ditempat, tapi ngantri panjang jadi harus sabar ya",2026-08-31T17:14:46
Ci9DQUlRQUNvZENodHljRjlvT2pGaWVXSnRXRFZJVlRKRmJXMWZOME5mTVdkaGFYYxAB,,5.0,pelayanan nya ramah banget,2026-08-31T17:14:46
ChdDSUhNMG9nS0VJQ0FnSUNYMC1ySHNRRRAB,,3.0,"semua menunya enak, tempatnya juga nyaman, cuma sekarang gak bisa refill es batu, sayang bangetttt hmm.",2026-08-31T17:14:46
Ci9DQUlRQUNvZENodHljRjlvT2t0TWJGUkNlakUxWVZsU2RYVk5SMW8wY3pORGQwRRAB,,5.0,pelayanan nya ramah dan cepat,2026-08-31T17:14:46
Ci9DQUlRQUNvZENodHljRjlvT210UGNVUk1NMEl4ZW5ReU5VRnpObTlQVEVscFJtYxAB,,1.0,Minum ngambil sendiri konyol,2026-08-31T17:14:46
Ci9DQUlRQUNvZENodHljRjlvT25SelNYa3pjalZGTW1wWWEwRnZObmN5VEVnd1prRRAB,,5.0,"Gacoan terbaik, makasih semuanya. Sehat sehat",2026-08-31T17:14:46
Ci9DQUlRQUNvZENodHljRjlvT2tGaFRVaEpTMHBMYTBoTU9WaFNSMm8yUkdwaFMxRRAB,,5.0,pelayanannya ramah dan baik tempatnya juga nyaman,2026-08-31T17:14:46
Ci9DQUlRQUNvZENodHljRjlvT2w5alozSlVVR1UzUm1oU2R6ZFVWRjh0WlhsUlNFRRAB,,5.0,Makanannya enak dan pelayanannya cepat dan ramah😊 …,2026-08-31T17:14:47
ChZDSUhNMG9nS0VJQ0FnSUMzNG8tUlh3EAE,,5.0,"tempatnya nyaman, pelayanannya baik, gercep, rasanya semuanya enak. cuma alat sholatnya lebih ditingkatkan lagi kebersihannya, soalnya kurang nyaman dengan bau nya",2026-08-31T17:14:47
Ci9DQUlRQUNvZENodHljRjlvT2tORFpEWnNOREZaYUUwMVpHRjZRV3hPZG01c1kwRRAB,,5.0,"enak kok disini, pelayanan nya ramah terus adem juga tempat nya terbuka",2026-08-31T17:14:47
Ci9DQUlRQUNvZENodHljRjlvT2xORU1EbHZiVnBMUkZaWVlUTldkbWx5UzA1SmRuYxAB,,5.0,"suasananya adem, pelayanan yang ramah gercep",2026-08-31T17:14:47
ChZDSUhNMG9nS0VNYWNtUEtHck4tRFdBEAE,,5.0,"makannya enak, pelayanannya ramah, harga nya juga terjangkau👍🏻 …",2026-08-31T17:15:40
ChdDSUhNMG9nS0VJQ0FnSUNIbEsyRzZRRRAB,,1.0,"Kecewa bangat sama pelayanan nya ,saya dah pesen tapi kursi bekas sebelum nya ga di bersihin,,,sangat tidak ramah bintang satu untuk ini terimakasih tolong di perbaiki",2026-08-31T17:15:40
Ci9DQUlRQUNvZENodHljRjlvT2xrdFZsWnZRMmR2YXpocFJFeFBhMWw2ZFc5UmNsRRAB,,5.0,makanan nya enak pelayanan nya juga OKE suasana nya juga nyaman dan tenang,2026-08-31T17:15:40
ChdDSUhNMG9nS0VJQ0FnSUNmd3R6MG9RRRAB,,1.0,"Bungkusnya masih pake styrofoam, outlet kota lain udah pake box, cuma disini aja yg masih styrofoam, mohon bungkusnya di ganti 🙏 thx …",2026-08-31T17:15:40
ChZDSUhNMG9nS0VJQ0FnTUNnb3A3NUdREAE,,1.0,"saya pernah pesen trus saya nunggu hampir 2jam karena kesalahan anter pesenan, pesenan saaya malah di anter ke meja lain",2026-08-31T17:15:41
Ci9DQUlRQUNvZENodHljRjlvT2xRM1drRmFSVUV4Ym01TFZGSndMV1F6YjJJMGMyYxAB,,2.0,"wc nya mampet airnya ga ada,tolong segera diperbaiki🙏 …",2026-08-31T17:15:41
Ci9DQUlRQUNvZENodHljRjlvT2tsUU1HbERSSGxxVVdNeVdsRlBMVFZqYzFwMVNuYxAB,,4.0,nyaman buat ngelamun kata indri,2026-08-31T17:15:41
Ci9DQUlRQUNvZENodHljRjlvT2tObk5qUnFjVEp4VkZJd2VEVlJTSGhhVEdOcGJHYxAB,,5.0,day 1 mie gacoan pelayananya ramah,2026-08-31T17:15:41
Ci9DQUlRQUNvZENodHljRjlvT205ZmRucDFNbGh3Y1hCWFZXbFFWblI2U2pocVltYxAB,,5.0,"pedas 1 enak bgt, good lah semuanya, pelanannya ramah",2026-08-31T17:15:41
ChdDSUhNMG9nS0VJQ0FnSUNidU5mTzFnRRAB,,1.0,"Kang parkir ny kaya kang palak, ga da service ny, ngluarin motor sendiri, gasar geser sendiri,, pas mau kluar udh berdiri depan motor menghdng, minta jasa parkir 2 k, tolong manajemen ny gmna ini, kelola yg baik dong biar pengunjung nyaman,",2026-08-31T17:15:41
ChZDSUhNMG9nS0VJQ0FnSURybUpLaVl3EAE,,1.0,"Pelayanan Buruk. nambah orang gbsa padahal pesan mie 4 dikasih kursi 2orang.pindah meja suruh nunggu jelas"" masih banyak yang kosong",2026-08-31T17:16:48
Ci9DQUlRQUNvZENodHljRjlvT25GUlpIQkRORk5UTWxCT2JXUnBYMWN6VGpsTGNVRRAB,,5.0,semuanya oke dan nyaman,2026-08-31T17:16:49
Ci9DQUlRQUNvZENodHljRjlvT205eVJYWm9VRWswY0dsMk9UTmtXREpRYW01T1pIYxAB,,5.0,mantap bagus pelayanan,2026-08-31T17:16:49
ChdDSUhNMG9nS0VJQ0FnSURibF9UMDVnRRAB,,1.0,sumpah sya di sini beli ya ga minta dan itu bayar pake duit!!! barusan beli via grab rasanya asin bannget! percuma saya beli mahal mahal di buang siasia! aneh makin ksni makin kesana!,2026-08-31T17:16:49
Ci9DQUlRQUNvZENodHljRjlvT2pCT2RFTmtZWFJsTm5remNrSm9SM0Z0Y2xWU1ExRRAB,,5.0,makanannya enak banget gacor,2026-08-31T17:16:49
Ci9DQUlRQUNvZENodHljRjlvT25RNVpESk9TM0kwWjJSNFluWTRYMDEzTjIxR1oxRRAB,,5.0,pelayanan nya ramah,2026-08-31T17:16:49
Ci9DQUlRQUNvZENodHljRjlvT2xaUE5VTlBTRmxYY2t0QmMyUXdlSFpGUVhoT1YwRRAB,,5.0,pelayanan nya best bgt kak,2026-08-31T17:16:49
Ci9DQUlRQUNvZENodHljRjlvT21sclgyeHBNRWRDZGtaRFlYZ3pTbEpmUzE5MmJXYxAB,,5.0,Pelayanan gacoan Tuparev sangat cepat dan ramah,2026-08-31T17:16:49
Ci9DQUlRQUNvZENodHljRjlvT2tack4yZEpXbE5SV2pBeU4xSktabUoyU20xMWFXYxAB,,5.0,"Ga pernah kapok makan disini,,pelayannya juga ramah,,biar bintang yg menjawab😊 …",2026-08-31T17:16:49
Ci9DQUlRQUNvZENodHljRjlvT2xCa2NuaG5RbkpEVVVkalJuZHNZMWxaTUd4NlNVRRAB,,5.0,"makanannya enak, tempatnya cukup luas, pelayanan ramah",2026-08-31T17:16:50
Ci9DQUlRQUNvZENodHljRjlvT2kxM2JFUnBORFpITjJkTFdrZFFPSEpMUmtOWGNtYxAB,,5.0,Makanan nya enak dan pelayanan nya ramah,2026-08-31T17:16:50
Ci9DQUlRQUNvZENodHljRjlvT25velZHUlViMVZDZFVKbFNIb3hlRXRETkdWUlkyYxAB,,5.0,pelayanannya manteepp,2026-08-31T17:16:50
Ci9DQUlRQUNvZENodHljRjlvT2xoNWFrbFViamhxUkVSQlQzQkJVMFJtWjNaME0yYxAB,,5.0,"nyamann bangetttt, enak jugaaaaa tempat nya, pelayanannya juga bagusss",2026-08-31T17:16:50
ChZDSUhNMG9nS0VJQ0FnSURmbExuWEVBEAE,,4.0,Sudah tidak terlalu mengantri sperti awal2 buka,2026-08-31T17:16:50
Ci9DQUlRQUNvZENodHljRjlvT2kxYWExQXlUMWRHWVdSTFJ5MUJRalZxZWpCekxXYxAB,,5.0,pelayanan nya ramah,2026-08-31T17:16:50
ChdDSUhNMG9nS0VJQ0FnSURuc2EyQzZRRRAB,,1.0,"Sumpah ngaco bgt, pesen level 8 sm level 2 tanda nya ketuker. Yg makan nya sampe mencret2 karna kalian salah kasih tanda di bungkus makanan!!!!!",2026-08-31T17:16:50
ChZDSUhNMG9nS0VJQ0FnSURYaDZXYkZREAE,,1.0,"pelayanan lama banget, minuman ga dikasih2 sampe 1 jam an. percuma pake alarm ga berfungsi",2026-08-31T17:16:51
Ci9DQUlRQUNvZENodHljRjlvT21WMlpEZE1XVTVsYUhodFl6TmxjbkoyVVdwMmIzYxAB,,5.0,"Pelayanan cepat,ramah,tempat bersih Jangan lupa mampir kesini",2026-08-31T17:16:51
ChZDSUhNMG9nS0VJQ0FnSUNYaEp5d1NnEAE,,5.0,"suasana dan layanan nya oke, untuk makanan mie gacoan level 0 terlalu asin dan orange terlalu asam",2026-08-31T17:16:51
Ci9DQUlRQUNvZENodHljRjlvT2tGdGQxZGhZbGhMY0dJM1ZrMUtOa001TldkeFRuYxAB,,1.0,Pelayanan e LEMOT PARAHHHHHHHHHHHH,2026-08-31T17:16:51
Ci9DQUlRQUNvZENodHljRjlvT2psNWRIWTRURGcxZUMwdE5FMXpabmN3YzJ4dk1WRRAB,,5.0,pelayanan sangat ramah,2026-08-31T17:18:15
ChZDSUhNMG9nS0VJQ0FnSURmbXN6WFFnEAE,,5.0,murah & enak. tempat nyaman,2026-08-31T17:18:15
Ci9DQUlRQUNvZENodHljRjlvT25GU1NEVnRUR3hPYXpKWFZUZFhlRlU1VURnNVgwRRAB,,5.0,layanan serta kebersihannya sangat baik,2026-08-31T17:18:16
Ci9DQUlRQUNvZENodHljRjlvT2pOeFZtc3hVRzVJZDFCWU9IWjJOV3QyYm1WMWRXYxAB,,5.0,"semua nyaa okee, dari segi pelayanan, makanan, minuman, baguss 👌🏻🫰🏻🫰🏻 …",2026-08-31T17:18:16
Ci9DQUlRQUNvZENodHljRjlvT214emFsaFpNR05tVWs1YWRVWlNSMDVsWmtkemJsRRAB,,5.0,"Gassss ke gacoan tuparev, tempatnya enak buat santai dan berkumpul bersama keluarga dan teman semua. Sukses terus tuparevvv",2026-08-31T17:18:16
ChZDSUhNMG9nS0VJQ0FnSURycHV1Y1dBEAE,,1.0,"Tolong buat cabang cirebon,klo wekend bisa lah lebih gercep lagi .kasian kami para ojol bisa nunggu 50mnt lebih kadang..kurangin becanda dan ngobrol2 ga penting saat kerja",2026-08-31T17:18:16
Ci9DQUlRQUNvZENodHljRjlvT25oR2IwTnRjbll0Y1V0YVVrRklaMkpxVVVWQ2JIYxAB,,5.0,"Mantap porsinya banyakk, pelayanannya cepet",2026-08-31T17:18:16
Ci9DQUlRQUNvZENodHljRjlvT25WUlUwSXpYMnN4UnpSTFRYbGlhVzFFVVdKcVdVRRAB,,5.0,"tempat nya nyaman, pelayanan nya cepat,",2026-08-31T17:18:16
Ci9DQUlRQUNvZENodHljRjlvT25KaVNqaENhMWxyUlVOYWRETlZiMVZNVG5BMlYzYxAB,,5.0,suasana nya enak dan nyaman,2026-08-31T17:18:16
Ci9DQUlRQUNvZENodHljRjlvT2s5Nk5YVTRWa05vTldSc09HbDVNbXMwTkZsYVNFRRAB,,5.0,Enaakk banget makanannya👍 …,2026-08-31T17:18:16
ChdDSUhNMG9nS0VJQ0FnSUN2LTVmbG53RRAB,,1.0,Tukang parkir mya cuman lontang lantung ngga jelas... ngga bantuin markir samsek!!! Giliran pas mau keluar baru berdiri malak duit parkir,2026-08-31T17:19:14
Ci9DQUlRQUNvZENodHljRjlvT21aamNqQlFZakZ6Wm01VlJtaDBVM2RhU0RkMlNuYxAB,,5.0,Makanan dan minumannya enak dan pelayanan nya juga ramah.,2026-08-31T17:19:14
Ci9DQUlRQUNvZENodHljRjlvT2swMllrcHJSMUZtYzFrM2JrVm9kM0JYUWtZNWRtYxAB,,5.0,"pelayanan ramah, tempat bersih.",2026-08-31T17:19:14
Ci9DQUlRQUNvZENodHljRjlvT2pod2VIcHZTMVkxVGpBMlZHZHlURWxCVURGbmFYYxAB,,5.0,tempat gacoan ini sangat enak nyaman pokonya mantap buat gacoan Tuparev lancar semakin maju,2026-08-31T17:19:15
Ci9DQUlRQUNvZENodHljRjlvT2xKSlVEZHZWemRtUmxOQlpUQlJOMVZwY0RGU2JFRRAB,,4.0,rasa nya sesuai dan layanan nya sangat ramah suasana nya enak,2026-08-31T17:19:15
Ci9DQUlRQUNvZENodHljRjlvT2s5MlJscFVWbXQ2ZFhad1ZWZHlUamszVlZCb01rRRAB,,5.0,pelayanan nya ramah,2026-08-31T17:19:15
Ci9DQUlRQUNvZENodHljRjlvT2pCVFdUUnFOVmd6Vkhkd1EyUXRWWFZCYTJKcFkxRRAB,,5.0,"mie nya enak bangett, harga nya murce gausah ditanya lagi, tempat nya oke, pelayanan nya juga oke bangett, rekomenn!!",2026-08-31T17:19:15
Ci9DQUlRQUNvZENodHljRjlvT2twZmMyVnRXR2RGVmxOTVpUQlhVSGRLYlZkaFEwRRAB,,5.0,baguss keren enak mantap josjis,2026-08-31T17:19:15
Ci9DQUlRQUNvZENodHljRjlvT2twbU9HcGFVVTlXZDJkWVowcDFZbWR0ZG1kNWVFRRAB,,5.0,Makanan nya enak dan pelayanan nya ramah,2026-08-31T17:19:15
ChZDSUhNMG9nS0VJQ0FnSURuOEpYaVpREAE,,2.0,"lama bgt, beda pas di tentara pelajar, ini mah lama bangettt pelayanan nya, klo di bilang rame sih iya tp di semua outlet jg rame, tp disini pelayanan nya lama.",2026-08-31T17:19:15
Ci9DQUlRQUNvZENodHljRjlvT25jMlFsVktkR1ZIVkhOQlFuRmtaM1IyWjNaRmFWRRAB,,5.0,Makanan nya enak pelayanan nya juga ramah,2026-08-31T17:19:57
Ci9DQUlRQUNvZENodHljRjlvT2psb04wSXpia3RUTVZKV2RGaHhjSGx2UWtsTllXYxAB,,5.0,"tadi makan disini dan cepet datang dan sesuai, so far semuanya aman",2026-08-31T17:19:57
Ci9DQUlRQUNvZENodHljRjlvT2pWaGFHUkthSFJpVVVkMFVUUlVUM2d3Y1RWeWJYYxAB,,4.0,tempatnya nyamann dari makanannya juga gada kurangnyaaa.,2026-08-31T17:19:57
Ci9DQUlRQUNvZENodHljRjlvT2xsbVEydEdaMEY0Vmw4dFkzcHpaVTVMUW5OT2JGRRAB,,5.0,"Tempatnya bersih,bagus, nyaman, pelayanan cepat, tempat luas, top bangetttt👌👌👌👍👍👍👍👍👍👍 …",2026-08-31T17:19:57
Ci9DQUlRQUNvZENodHljRjlvT25adVowNW5OSGgyU2pWRFZUbFRaVlExY1UweWFsRRAB,,5.0,Terimakasih pelayanannya terbaik sudah membantu membersihkan yang jatoh🥰 …,2026-08-31T17:19:58
ChdDSUhNMG9nS0VJQ0FnTURBbDREejdRRRAB,,4.0,Lumayan langganan juga cuma cari cela² tdk begtu ramai kalau tiap beli harga murah meriah muntah,2026-08-31T17:19:58
Ci9DQUlRQUNvZENodHljRjlvT2pOdFQxZzBMVVpFTFdGaFZHNU9hbWh2YUU1ZlVFRRAB,,5.0,pelayanannya ramah ramah dan makanannya juga enak,2026-08-31T17:19:58
Ci9DQUlRQUNvZENodHljRjlvT214WllqSlhZM1JZWDJOa1dHWm1XbEJwV21obVdYYxAB,,2.0,lama bngt nunggu dimsumnya,2026-08-31T17:19:58
Ci9DQUlRQUNvZENodHljRjlvT20wdE1FMXhheTF5TFdRelpYTlRTM0Z2U0RGUFltYxAB,,5.0,CEL nya baik bgttt apa lagi petugas yg di depan sopannnb bgtttttt,2026-08-31T17:19:58
Ci9DQUlRQUNvZENodHljRjlvT21FNVpqQlBVVTkyZDA5b1dFbDFSa3BQWVRsTFdsRRAB,,5.0,"Nyaman tempatnya , harganya terjangkau",2026-08-31T17:19:58
Ci9DQUlRQUNvZENodHljRjlvT2pKbVRHd3RZV2hTTFVKNVgwdEViVXRPUTJwWGJrRRAB,,5.0,"Oke bangt pelayanannya, tapi kurang stop kontaknya huhuhuj",2026-08-31T17:21:00
ChdDSUhNMG9nS0VJQ0FnTURJc0pDNTlBRRAB,,1.0,Pajak 15k buat 8 porsi harus nunggu list 2 jam nunggu makanan 3 jam😹😹😹 …,2026-08-31T17:21:00
Ci9DQUlRQUNvZENodHljRjlvT2sxamJqRnVWMjg0YkVVM2NVMDJlbWhMWkd0RVEwRRAB,,1.0,Hama mesen lev8 yg datang lev0,2026-08-31T17:21:00
Ci9DQUlRQUNvZENodHljRjlvT2t4NWIyTnVPRXRSVUdKNmIwTnlTbDlOYlZSQmRsRRAB,,5.0,Makanannya enak dan pelayanannya ramah,2026-08-31T17:21:01
ChZDSUhNMG9nS0VJQ0FnSURIN3Fubk5REAE,,5.0,"Menurut ku untuk mie gacoan level 2 terlalu pedas, pangsit ny setengah matang. Tempat nya udh oke",2026-08-31T17:21:01
ChdDSUhNMG9nS0VLSHJ2dHJldnBTNTdRRRAB,,4.0,"Pelayanan cepat, rasa masih sedikit kurang Mohon perbaikin lgi ya 🙂 …",2026-08-31T17:21:01
Ci9DQUlRQUNvZENodHljRjlvT2pOSmJsWXlWVGN3ZVVGTE5ITmxUREZZYVhOWGVIYxAB,,5.0,untuk pelayanan cepat dan semua nya ramah,2026-08-31T17:21:01
ChZDSUhNMG9nS0VJQ0FnSUQzNnZTV1ZnEAE,,5.0,"Kata orang pelayanan kurang, tp pas aku oke semua ko enak nyaman cpt",2026-08-31T17:21:01
ChdDSUhNMG9nS0VJQ0FnSURuNGFMWjJnRRAB,,5.0,Tempat nya nyaman pelayanan ny sangat ramah😻😻😻,2026-08-31T17:21:01
Ci9DQUlRQUNvZENodHljRjlvT21wbWNHNW5kMWN4VDBNMk9WQjNUVGxwTFVOeU5rRRAB,,5.0,enak aja,2026-08-31T17:21:01
ChdDSUhNMG9nS0VJQ0FnSUNYNUlfX3hnRRAB,,1.0,"PENGELOLAAN PARKIR SANGAT TIDAK BAIK, KITA BAWA KENDARAAN RODA 4, DISURUH PARKIR DILUAR PADAHAL KITA JUGA KONSUMEN, APA GACOAN TUPAREV KHUSUS YANG PAKE MOTOR SAJA, PARKIR JUGA CUMA AMBIL UANG NYA AJH, KENDARAAN KELUAR DARI PARKIRAN TIDAK DIBANTU.",2026-08-31T17:21:01
Ci9DQUlRQUNvZENodHljRjlvT2tKNVZua3dUVmxRTUdKdlVrSmtaVEJ4UTI5TVRrRRAB,,1.0,"mie nya lama keburu dingin garagara nunggu perdimsuman, padahal mie nya daritadi",2026-08-31T17:21:01
Ci9DQUlRQUNvZENodHljRjlvT201MFlqUlFRVVYzWjJFeFkxQk9WbmRQUzJWTk5rRRAB,,5.0,Untuk pelayanan nya sangat baik sekali . Pelayan nya ramah,2026-08-31T17:21:02
Ci9DQUlRQUNvZENodHljRjlvT2pOdVZVNDNaMHRRTTJzNFkxZ3lMVWxPY0dkRVVFRRAB,,5.0,Mantap bgt pelayanan apa lagi kasirnya cantik,2026-08-31T17:21:02
Ci9DQUlRQUNvZENodHljRjlvT2twSGEyOUVkWEpQVDNCZk1DMUtTVnBGVG5CUk1uYxAB,,5.0,"Sering kesini mie Dan dim sum nya enak, pelayanannya juga ramah topp👍",2026-08-31T17:21:02
Ci9DQUlRQUNvZENodHljRjlvT21sdWRVbzRVa1ZIVFZKQlQyUkdPVTVhYWtGWmFIYxAB,,5.0,"Puas banget makan mie gacoan disini , pelayanannya cepat , ramah juga",2026-08-31T17:21:02
ChdDSUhNMG9nS0VJQ0FnSUNIMWEtdi1RRRAB,,5.0,tempat nya nyaman bersih juga pelayanan nya jg cepet banget,2026-08-31T17:21:02
ChdDSUhNMG9nS0VJQ0FnTURvaWI2WmpBRRAB,,5.0,Pelayanannya ramah tempatnya nyaman....,2026-08-31T17:21:02
Ci9DQUlRQUNvZENodHljRjlvT210T2RHeFJZMmwwT0dwb2RtTllXR3gzV1d4bmJWRRAB,,4.0,"Minus gaada tisu aja,",2026-08-31T17:21:02
ChdDSUhNMG9nS0VJQ0FnSURIZ3RTZXRRRRAB,,1.0,"pesen online masih kena ekstra parkir, harusnya uda include pas pembayaran di platform, pelayanan payah.....",2026-08-31T17:21:02
Ci9DQUlRQUNvZENodHljRjlvT21VdFNFTTBhRkp0YVhJM1JEQlhaRmMxY1VSTWQwRRAB,,5.0,pelayanannya cepet,2026-08-31T17:22:09
ChZDSUhNMG9nS0VJQ0FnSUNIZ05hX2VBEAE,,1.0,"gatau mungkin salah atau apa,, tapi untuk LV 1 ini ped s bgt karna saya sering makan LV 1 ga sepedes ini, jadi rasanya hambar",2026-08-31T17:22:09
Ci9DQUlRQUNvZENodHljRjlvT25GRFoyeHVlbTk1YkRGT01XVlVNMW93Um1wVmVFRRAB,,5.0,"pelayanan baik, ramah, dan sangat bagus",2026-08-31T17:22:09
Ci9DQUlRQUNvZENodHljRjlvT21sWU1HOXlTMEpvUlZWbVdIQkdhazB5ZG10cVUxRRAB,,5.0,antrian nya cepatt,2026-08-31T17:22:10
Ci9DQUlRQUNvZENodHljRjlvT2podVUzcEZOMVJZY1U4NWNWbEpjbGhDUjI5Wk9VRRAB,,5.0,woww pelayanan nya baik sekalii,2026-08-31T17:22:10
ChZDSUhNMG9nS0VJQ0FnSUNIenJyZUVnEAE,,5.0,"pelayanan nya baik, makanan nya enak, tempat nya nyaman",2026-08-31T17:22:10
Ci9DQUlRQUNvZENodHljRjlvT2xoT2F6UnNUVnBhVjFaelIwbDJaR05VZW1ScFoxRRAB,,1.0,wong mesen level 0 dipaie pedes kirik,2026-08-31T17:22:10
ChZDSUhNMG9nS0VKSHM4dWlDX1BqV1JnEAE,,5.0,"makanannya enak, pelayanannya ramah, harganya terjangkau 👍🏻 …",2026-08-31T17:22:10
ChdDSUhNMG9nS0VJQ0FnSUNmd3R6THVRRRAB,,5.0,"tempatnya e ak banget, pelayanannya juga cepett. jangan lupa mampir guys",2026-08-31T17:22:10
Ci9DQUlRQUNvZENodHljRjlvT2xaa1ZIZGpkV2c0TmtKeVFuWnNSM1ZzYjNoT1RGRRAB,,1.0,lama ngantri 1jam lebihhhh…….,2026-08-31T17:22:10
Ci9DQUlRQUNvZENodHljRjlvT2pGTmFqVXRkalJUTlZZNWJuRTJSRVF5VUcxeGJuYxAB,,2.0,Lama bngt plisss se jam nunggu,2026-08-31T17:23:22
ChZDSUhNMG9nS0VJZTUzc3pJbF9IYUFnEAE,,3.0,Saya pesan malah main lodo karyawan nya ber3 tukang parkir juga meresahkan resek,2026-08-31T17:23:22
Ci9DQUlRQUNvZENodHljRjlvT2xGclMyRkRiVmRXWkVwS1pHeDNiRVpPVmpWVk9IYxAB,,5.0,Mantap pelayanan nya,2026-08-31T17:23:22
Ci9DQUlRQUNvZENodHljRjlvT2tJeU5tUkZOM2hIT1MxRk5tUllOVFEzWVdkV1RFRRAB,,5.0,banyak mendapatkan bonus dan pelayanan ramah,2026-08-31T17:23:22
Ci9DQUlRQUNvZENodHljRjlvT25ONGVYTndRVVoyTTIxSlUwOTJVV2xNVW1ka1ZFRRAB,,5.0,"Tempatnya nyaman, nunggu makannya walaupun antri tapi gak lama",2026-08-31T17:23:22
Ci9DQUlRQUNvZENodHljRjlvT2s4MlVHRm5jVWRPY0c5M1Z6ZHVSRWxHUldjMVNYYxAB,,5.0,Tempatnya enak makananya wor it sekali,2026-08-31T17:23:23
Ci9DQUlRQUNvZENodHljRjlvT2xWaWJERnBOMmgyY1MxcFdHczFZa3RJV2tWUFJtYxAB,,5.0,🫰🏻 …,2026-08-31T17:23:23
Ci9DQUlRQUNvZENodHljRjlvT2psZlEySkdNa0V5TjBRMFZubzJPVzAwY3psdmMyYxAB,,5.0,"Pelayanan cepat, staff ramah dan rasanya juga enak.",2026-08-31T17:23:23
Ci9DQUlRQUNvZENodHljRjlvT25ZdGIwRmxjR0l0ZUcwd2MweE1OVTVaTUU1dVUzYxAB,,5.0,mantappp,2026-08-31T17:23:23
Ci9DQUlRQUNvZENodHljRjlvT25wc2RuRlRjVTk0WDFoNlIxbGlWR0ZpYzFCMVowRRAB,,5.0,tempatnya nyamann dan pelayanan nya cepat,2026-08-31T17:23:23
Ci9DQUlRQUNvZENodHljRjlvT2tnMlNsQTRWMDkxTWt0YVlsUjFVWFpsWm1wRU0zYxAB,,5.0,tempat begitu menyanangkan,2026-08-31T17:24:37
ChdDSUhNMG9nS0VJQ0FnTUR3bXBpWTRnRRAB,,5.0,"pelayanan yang sangat baik, mas sama mba nya juga ramah bangett💕 …",2026-08-31T17:24:37
Ci9DQUlRQUNvZENodHljRjlvT2xoWU9GQmpSVkZKZVVac1RWcFVlVFpsTkdGYVZtYxAB,,5.0,"Pelayanan baik, makanan oke, kebersihan oke",2026-08-31T17:24:38
Ci9DQUlRQUNvZENodHljRjlvT2xNMWRGOUNjRVJuY1VodU5FRmZTekkwV0cwMFYyYxAB,,5.0,"pelayanan yang bagus, rapih dan tempatnya bersih👍🏻 …",2026-08-31T17:24:38
Ci9DQUlRQUNvZENodHljRjlvT2pKS2VHZDFaMWg0YjJONU9WRjJWakZyWmxWclUwRRAB,,5.0,tempatnya nyaman dan terkadang sangat menunggu lama untuk antrinya,2026-08-31T17:24:38
Ci9DQUlRQUNvZENodHljRjlvT21OWVIycEpRelppZDNwQ2EwVmpTbmxqVG1RMGNuYxAB,,5.0,Pelayanannya cepet bgt Crew nya ramah tamah Ganteng cantik² poll,2026-08-31T17:24:38
ChZDSUhNMG9nS0VJQ0FnSURfXzhHX05REAE,,5.0,"Harga murah tempat luas menunggu tdk terlalu lama,parkir agak sulit utk mobil",2026-08-31T17:24:38
Ci9DQUlRQUNvZENodHljRjlvT2xSSVVIbG1VbUZpUkcxc00xODRRVVZ3UW1Wb05rRRAB,,5.0,"gacoan ter top nomor 1 bgt si, enakkk makanannyaa semoga makin jaya!!",2026-08-31T17:24:38
ChZDSUhNMG9nS0VJQ0FnSURfOS1tMURREAE,,5.0,"Tempatnya lebih luas dari sebelumnya, dan penyajian makanannya pun ga terlalu lama",2026-08-31T17:24:38
ChZDSUhNMG9nS0VJQ0FnSUNYNm9pZ1lBEAE,,4.0,Masa beli dimsum Dine in tapi ga dikasih sumpit:( trs minta ke palayan nya tapi direspon nya judes.,2026-08-31T17:24:38
Ci9DQUlRQUNvZENodHljRjlvT2xoeFQwMUVla2RxTUhaUVZ6VmFhMGRCUjBGZllsRRAB,,5.0,"Panas banget kalo siang, so far makanan masih konsisten rasanya",2026-08-31T17:24:39
ChZDSUhNMG9nS0VJQ0FnTUNZbkl2R0pBEAE,,5.0,"Untuk pelayanan,makanan n suasana semua nyaman dan enak",2026-08-31T17:24:39
ChdDSUhNMG9nS0VJQ0FnSUMzNHZldW1BRRAB,,4.0,Saran aja buat sarana ibadah diperbaiki lagi mukenanya rajin buat diganti karena bau kurang nyaman selebihnya almost perfect,2026-08-31T17:24:39
Ci9DQUlRQUNvZENodHljRjlvT21ZNVJHcHNWV0ZWWDNoRlRtRkdORXhMTm01QmEzYxAB,,2.0,"Beli gacoan lewat grab , pesen level 1 datang nya level 4, gak kemakan sayang banget😭😭😭 …",2026-08-31T17:24:39
Ci9DQUlRQUNvZENodHljRjlvT2tOT2JXdE1Vemt3ZVRWMGJXWnhZbFJFYUZkWmNuYxAB,,5.0,pelanyannya sangat ramah sekali sekaligus pelanyannya ganteng,2026-08-31T17:24:39
ChdDSUhNMG9nS0VJQ0FnTURBcXBLOXhBRRAB,,4.0,"pelayanan nya bagus, cuman kadang rasa mie nya tidak konsisten untuk tingkat kepedasannya",2026-08-31T17:24:39
Ci9DQUlRQUNvZENodHljRjlvT2xaaWJXTnNWMDFXTWpkTlptaGtXbEowV1RSMFpWRRAB,,5.0,"Makanan ny enak, tempatny bersih untuk harga ramah di kantong",2026-08-31T17:24:39
Ci9DQUlRQUNvZENodHljRjlvT2tST2VHSktOMVYzZFdSSU9HcGFSbWhPYXpOVVgzYxAB,,5.0,"Nyaman, murah enak",2026-08-31T17:24:39
Ci9DQUlRQUNvZENodHljRjlvT2sxVlUzQTJWM1k0WDNwWE0yeHljRE0yYkhGNFZIYxAB,,5.0,pelayanan nya mantap,2026-08-31T17:24:40
Ci9DQUlRQUNvZENodHljRjlvT2xoNk9GUm1hbEkyY0hkc1UwOXVYMHBmYjA1NVQxRRAB,,5.0,"udang kejunya enak bangett, gede gedee isian kejunya full",2026-08-31T17:24:40
Ci9DQUlRQUNvZENodHljRjlvT21oUFkyMVhOR1kzV0hWelFXdFVNMVZFYzBwQmVFRRAB,,5.0,"mie nya enak lembut bangett, udang keju nya apalagi bikin ngilerrrr",2026-08-31T17:26:00
ChdDSUhNMG9nS0VJQ0FnSUR2dE5YbXFnRRAB,,5.0,Tempatnya nyaman,2026-08-31T17:26:00
Ci9DQUlRQUNvZENodHljRjlvT2tGblpqQTNNR2xIYTB4T2VXSnhhM0F6ZUZKQmFsRRAB,,5.0,Pelayanan nya ramah,2026-08-31T17:26:00
ChdDSUhNMG9nS0VPT0dpdlR5bHV2U3h3RRAB,,5.0,"Makanan enak, tempat nya nyaman, pokok nya the best top markotopp",2026-08-31T17:26:00
Ci9DQUlRQUNvZENodHljRjlvT25Sd1RreHpSVE5IWXpCV1JYUk1aR0ZHYTA1MlgyYxAB,,5.0,pelayanannya oke bgt,2026-08-31T17:26:00
Ci9DQUlRQUNvZENodHljRjlvT21sT1VEUmtVVEpqY3pkMlVFczNha0ZwYzNsak9YYxAB,,2.0,Tolong perhatikan lagi rasa dan kualitas disaat lagi ramai.,2026-08-31T17:26:00
Ci9DQUlRQUNvZENodHljRjlvT2w5b1IxZHRNV05LU0dKcVRGOUxNR1pIUmtkclNrRRAB,,3.0,mienya terlalu pedes tidak seperti biasa Suasananya baik,2026-08-31T17:26:00
Ci9DQUlRQUNvZENodHljRjlvT2paNlZHRkhabVl5VVZSZmVWQTRXa3RzWlZaME0wRRAB,,5.0,"pelayanannya ramah,datengnya cepet mie sama esnya",2026-08-31T17:26:00
Ci9DQUlRQUNvZENodHljRjlvT2xGQ1JrWkNRblJsYzNOSlYxOW1NR3gwY3poTmNVRRAB,,5.0,pelayanannya ramah,2026-08-31T17:26:01
ChdDSUhNMG9nS0VJQ0FnSUR2d2NQRDNBRRAB,,1.0,"Kocak pesen gacoan di kasih mie hompimpa, tempatnya juga g memadai ribut kotor, pelayanya jutek poll yang cowo",2026-08-31T17:26:01
Ci9DQUlRQUNvZENodHljRjlvT21wSmNGQm1VVW80VG1wak9GQXphWFoxUm5oUU5WRRAB,,5.0,"Prosesnya cepat, pelayanan sangat bagus dan tertata",2026-08-31T17:27:26
ChZDSUhNMG9nS0VKSHA0Znl5aHREaGZBEAE,,5.0,pelayananya ramahhh suka banget sama yg baju rompi sopan dan ramah sekaliii,2026-08-31T17:27:26
Ci9DQUlRQUNvZENodHljRjlvT20xelFYWXlVMHg2VW0wME9FcFJaMmRJUTA5bmJrRRAB,,5.0,Tempat enak banget terus buat santai santai juga boleh bgt nichhh!,2026-08-31T17:27:26
ChdDSUhNMG9nS0VJQ0FnSURmdWV2cHBnRRAB,,5.0,"pelayanan cepat, mantap dan ramah rasa enak banget murah meriah",2026-08-31T17:27:26
Ci9DQUlRQUNvZENodHljRjlvT2tGU1NVaDRORWhUWjBwTExVcExOVlJZUkZkMWNXYxAB,,5.0,makananya enak terus tempatnya nyaman,2026-08-31T17:27:26
Ci9DQUlRQUNvZENodHljRjlvT2psM1EyVm1ja0ZoZW1WZk0xVmxWbm8wV1VKaWVFRRAB,,5.0,pelayanannya sangat baik,2026-08-31T17:27:26
ChdDSUhNMG9nS0VJQ0FnSUQzNm9yUjhnRRAB,,5.0,Pelayanannya baik,2026-08-31T17:27:26
Ci9DQUlRQUNvZENodHljRjlvT2xVellWQkpiVEJIT0daZlRsTmtUMDQyVG1sR1VGRRAB,,5.0,pelayanan nya oke,2026-08-31T17:27:27
ChdDSUhNMG9nS0VJQ0FnSUNyOTdMV3h3RRAB,,5.0,Enak banget mie gacoan tuh,2026-08-31T17:27:27
Ci9DQUlRQUNvZENodHljRjlvT210WVJsQnJlbmxWT0RWRVNXZDZiV1JpTUhRd1ZsRRAB,,4.0,Cepet gak pake lama walau yg beli banyak Enakk tapi agak kemanisan🙃,2026-08-31T17:27:27
Ci9DQUlRQUNvZENodHljRjlvT2toNmNuYzJPRkpOVUVsUVVuaDZTekpJUjNkd2FXYxAB,,5.0,Sangat bagus dan nikmat tempat sungguh nyaman mantap dah pokoknya,2026-08-31T17:27:27
ChZDSUhNMG9nS0VJQ0FnSUQ3NzY2UUpREAE,,5.0,"Tempat nyaman, pegawai ramah, makanan enak",2026-08-31T17:27:27
ChdDSUhNMG9nS0VJQ0FnSUNYdnVHVW9nRRAB,,1.0,GILA SI PARKIR MOBIL 4.000 DI CSB SEKELAS MALL 3.000 BUAT PARKIR MOBIL. HARUS NYA GACOAN ADA SISTEM DT nya biar efisien,2026-08-31T17:27:27
Ci9DQUlRQUNvZENodHljRjlvT21vNE9GWkZjMDFKTXpoc1pGVnpObVZQZWxnNFIwRRAB,,5.0,pelayanan nya cepat,2026-08-31T17:27:27
Ci9DQUlRQUNvZENodHljRjlvT21WclpIbDBOWGhrVkhSaE4ydzFMVjl6UWtaRWMyYxAB,,5.0,Gacoan terbaik yang terbaik❤️,2026-08-31T17:27:28
ChZDSUhNMG9nS0VJQ0FnSUQzeXBmWE1REAE,,1.0,"Pelayanannya lama bnget, minus makanan ga dteng' pdahal nunggu seja",2026-08-31T17:27:28
Ci9DQUlRQUNvZENodHljRjlvT2tOTVVrNUtOVlJpVDI4dE9URXdRbnBZYldKNFNVRRAB,,5.0,Makanan nya enak dan parkiran nya luas dan makanannya murah dan tidak terlalu ngantri,2026-08-31T17:27:28
ChdDSUhNMG9nS0VJQ0FnTURJemZ2WmlBRRAB,,4.0,Tempat nya luas,2026-08-31T17:27:28
ChZDSUhNMG9nS0VJQ0FnSUQ3NzY3VWJnEAE,,5.0,"Pelayanan cukup baik, makanannya enak",2026-08-31T17:27:28
Ci9DQUlRQUNvZENodHljRjlvT25keU9FbzBkMW8yVjNSNFVYaDZhMm8xTjJGck1XYxAB,,1.0,pelayan nya kurang,2026-08-31T17:27:28
Ci9DQUlRQUNvZENodHljRjlvT2psV2FUVmFZMk5rV2pobVpWRm1hVmhwYjBoeGJGRRAB,,5.0,Makanan enak sekali pelayanan bagus,2026-08-31T17:28:50
Ci9DQUlRQUNvZENodHljRjlvT2tGZllpMDNRbXh1WjNGR01tazJXbG81TUZjNFluYxAB,,5.0,Tempat cozy harga murah pertahankan kualitasnya,2026-08-31T17:28:50
Ci9DQUlRQUNvZENodHljRjlvT25CdGNtbHBhbk5zYkhkMFZYVnRWRzVSVFZCSFlYYxAB,,5.0,"Gacoan tuparev tempat yang nyaman untuk berkumpul dan bersantai bersama keluarga, namun sayangnya ngantri bangett",2026-08-31T17:28:50
Ci9DQUlRQUNvZENodHljRjlvT2psc1ZHeEZSSFJXWTBjMVpEQTFNRjlpWm1oblkzYxAB,,5.0,Pelayanan terbaik boskuu,2026-08-31T17:28:50
Ci9DQUlRQUNvZENodHljRjlvT2tJeVRXcHhSalpzV0hoa1VGRkxVMEZLWkVWd2RsRRAB,,5.0,"Pelayanan nya baik, cepet sampai nya menu nya, bersih",2026-08-31T17:28:50
Ci9DQUlRQUNvZENodHljRjlvT2tKdlpUZFRWRTExVVV4UWVISlFOVVZUZWt4R1ptYxAB,,5.0,Pelayanannya ramah sat set,2026-08-31T17:28:50
ChZDSUhNMG9nS0VJQ0FnTUN3NjlyTUR3EAE,,5.0,"rasanya gak pernah berubah selalu puas dengan rasa dan pelayanan nya, trimakasih mie gacoan Tuparev",2026-08-31T17:28:51
Ci9DQUlRQUNvZENodHljRjlvT25wVlZGaFVTM0p1YzNCbE1qWldXWGh5WlV0TVptYxAB,,5.0,tempatnya nyaman pelayanan baik,2026-08-31T17:28:51
Ci9DQUlRQUNvZENodHljRjlvT2taamFUVmxZMEYzWldKbVVERlpORlV6YTE5T1NFRRAB,,5.0,Makanannya enak,2026-08-31T17:28:51
ChdDSUhNMG9nS0VJQ0FnSUNYMnQ3UjdRRRAB,,1.0,Porsinya dkit dan mesen level 4 kaya level 1 ga pedes udh beberapa kali ksni sama aja,2026-08-31T17:28:51
Ci9DQUlRQUNvZENodHljRjlvT25FelNEVTNNMnN6WmxOM1NXOVJlR1Z2YVRkMk0wRRAB,,5.0,pelayannya ramah dan pemesanan praktis,2026-08-31T17:30:22
Ci9DQUlRQUNvZENodHljRjlvT25kNmFscG1kamRaWVVKdVRWODRWVkJQVERCWGFVRRAB,,5.0,"Pelayanan ramah, dan tempat bersih",2026-08-31T17:30:22
ChZDSUhNMG9nS0VJQ0FnTUNZM0tQcmFnEAE,,5.0,"Sangat ramai tapi nyaman, makan harga pelajar tapi memuaskan",2026-08-31T17:30:22
Ci9DQUlRQUNvZENodHljRjlvT25oTE9WaFRObmx4YjJSTk9FbHlVVXhUVDJsWmMzYxAB,,5.0,"Tempatnya nyaman luas bersih, makanannya enak",2026-08-31T17:30:22
Ci9DQUlRQUNvZENodHljRjlvT2tSUVdFbHFNRjlsYWpoV1JYaDBhVVJXV2t0TlNtYxAB,,5.0,"Ramai sekali,. Rasa bawang gorengnya kurang kriuk",2026-08-31T17:30:22
ChdDSUhNMG9nS0VJQ0FnSURuNGVuaDNRRRAB,,5.0,"makanannya enak, pelayanannya baik, dan tempatnya juga bersih",2026-08-31T17:30:22
Ci9DQUlRQUNvZENodHljRjlvT21OS1NGOHhaVE10TUZWamVGTnpkMlF4UnpJelZIYxAB,,1.0,Pelayanan lama malah orang lain yang didahulukan dan pangsit agak bau gosong,2026-08-31T17:30:23
ChdDSUhNMG9nS0VJQ0FnSUNmdXBpNXJ3RRAB,,5.0,tempat nya nyaman pelayanan nya baik🥰,2026-08-31T17:30:23
Ci9DQUlRQUNvZENodHljRjlvT2pjd1VFSlJhbEUwV0ZOZmIxWkpTM0ZxUmpodlltYxAB,,5.0,Mantaplah makanannya,2026-08-31T17:30:23
Ci9DQUlRQUNvZENodHljRjlvT2tkeVFYUTNOa3RmU0c1RWVFZGxiWGswY0hNMGQxRRAB,,5.0,mantap bangett enak dan tempat nya nyaman,2026-08-31T17:30:23
